{
  "name": "DINOv2-ViT-B/14",
  "num_pairs": 900,
  "inference_time_ms": 64.7971632745531,
  "overall_keypoint": {
    "PCK@0.05": {
      "mean": 0.6412222222222222,
      "std": 0.47964182881668826
    },
    "PCK@0.10": {
      "mean": 0.8633333333333333,
      "std": 0.3434951075181259
    },
    "PCK@0.15": {
      "mean": 0.9398888888888889,
      "std": 0.23769258598471005
    },
    "PCK@0.20": {
      "mean": 0.9713333333333334,
      "std": 0.1668678785413445
    }
  },
  "per_category_keypoint": {
    "car": {
      "PCK@0.05": 0.6648148148148149,
      "PCK@0.10": 0.8803703703703704,
      "PCK@0.15": 0.942962962962963,
      "PCK@0.20": 0.9751851851851852
    },
    "duck": {
      "PCK@0.05": 0.6333333333333333,
      "PCK@0.10": 0.8555555555555555,
      "PCK@0.15": 0.9477777777777778,
      "PCK@0.20": 0.9844444444444445
    },
    "motorbike": {
      "PCK@0.05": 0.4962962962962963,
      "PCK@0.10": 0.797037037037037,
      "PCK@0.15": 0.9207407407407407,
      "PCK@0.20": 0.967037037037037
    },
    "winebottle": {
      "PCK@0.05": 0.7651851851851852,
      "PCK@0.10": 0.9151851851851852,
      "PCK@0.15": 0.9533333333333334,
      "PCK@0.20": 0.9674074074074074
    }
  },
  "overall_image": {
    "PCK@0.05": {
      "mean": 0.6412222257918782,
      "std": 0.1816610207856781
    },
    "PCK@0.10": {
      "mean": 0.8633333277702332,
      "std": 0.12360330413186592
    },
    "PCK@0.15": {
      "mean": 0.939888882835706,
      "std": 0.0823136893980271
    },
    "PCK@0.20": {
      "mean": 0.9713333291477627,
      "std": 0.05812248073148478
    }
  },
  "per_category_image": {
    "car": {
      "PCK@0.05": 0.6648148191195947,
      "PCK@0.10": 0.8803703634827226,
      "PCK@0.15": 0.9429629570908017,
      "PCK@0.20": 0.9751851810349359
    },
    "duck": {
      "PCK@0.05": 0.6333333398732874,
      "PCK@0.10": 0.8555555482705434,
      "PCK@0.15": 0.9477777706252204,
      "PCK@0.20": 0.984444440735711
    },
    "motorbike": {
      "PCK@0.05": 0.4962963023947345,
      "PCK@0.10": 0.7970370332400004,
      "PCK@0.15": 0.9207407335440317,
      "PCK@0.20": 0.9670370322686654
    },
    "winebottle": {
      "PCK@0.05": 0.7651851845008356,
      "PCK@0.10": 0.9151851797545397,
      "PCK@0.15": 0.9533333286091134,
      "PCK@0.20": 0.9674074036103708
    }
  }
}