{
  "name": "DINOv3-ViT-B/16",
  "num_pairs": 900,
  "inference_time_ms": 40.753985510932075,
  "overall_keypoint": {
    "PCK@0.05": {
      "mean": 0.557,
      "std": 0.4967403748438413
    },
    "PCK@0.10": {
      "mean": 0.8305555555555556,
      "std": 0.37514400527178626
    },
    "PCK@0.15": {
      "mean": 0.9167777777777778,
      "std": 0.2762178197557451
    },
    "PCK@0.20": {
      "mean": 0.9541111111111111,
      "std": 0.2092441128572847
    }
  },
  "per_category_keypoint": {
    "car": {
      "PCK@0.05": 0.6177777777777778,
      "PCK@0.10": 0.8737037037037036,
      "PCK@0.15": 0.9374074074074074,
      "PCK@0.20": 0.9651851851851851
    },
    "duck": {
      "PCK@0.05": 0.5822222222222222,
      "PCK@0.10": 0.8666666666666667,
      "PCK@0.15": 0.9555555555555556,
      "PCK@0.20": 0.9844444444444445
    },
    "motorbike": {
      "PCK@0.05": 0.46555555555555556,
      "PCK@0.10": 0.8159259259259259,
      "PCK@0.15": 0.9385185185185185,
      "PCK@0.20": 0.9718518518518519
    },
    "winebottle": {
      "PCK@0.05": 0.5792592592592593,
      "PCK@0.10": 0.79,
      "PCK@0.15": 0.8614814814814815,
      "PCK@0.20": 0.9151851851851852
    }
  },
  "overall_image": {
    "PCK@0.05": {
      "mean": 0.557000004624327,
      "std": 0.19637237531087656
    },
    "PCK@0.10": {
      "mean": 0.8305555528567897,
      "std": 0.15307848605202057
    },
    "PCK@0.15": {
      "mean": 0.916777773168352,
      "std": 0.11726823653729888
    },
    "PCK@0.20": {
      "mean": 0.954111107620928,
      "std": 0.09365889168133198
    }
  },
  "per_category_image": {
    "car": {
      "PCK@0.05": 0.6177777803882405,
      "PCK@0.10": 0.8737036993106206,
      "PCK@0.15": 0.93740740219752,
      "PCK@0.20": 0.9651851819621192
    },
    "duck": {
      "PCK@0.05": 0.5822222300701672,
      "PCK@0.10": 0.8666666640175713,
      "PCK@0.15": 0.955555549595091,
      "PCK@0.20": 0.984444440735711
    },
    "motorbike": {
      "PCK@0.05": 0.46555556166503165,
      "PCK@0.10": 0.8159259225483294,
      "PCK@0.15": 0.9385185126905088,
      "PCK@0.20": 0.9718518480106636
    },
    "winebottle": {
      "PCK@0.05": 0.5792592633377622,
      "PCK@0.10": 0.7899999996578252,
      "PCK@0.15": 0.8614814791414472,
      "PCK@0.20": 0.9151851818517402
    }
  }
}