{
  "name": "DINOv3-ViT-B/16",
  "num_pairs": 900,
  "inference_time_ms": 43.76954714457194,
  "overall_keypoint": {
    "PCK@0.05": {
      "mean": 0.6765555555555556,
      "std": 0.46779069657536915
    },
    "PCK@0.10": {
      "mean": 0.8878888888888888,
      "std": 0.3155031059697245
    },
    "PCK@0.15": {
      "mean": 0.949,
      "std": 0.21999772726098785
    },
    "PCK@0.20": {
      "mean": 0.9753333333333334,
      "std": 0.15510713143573449
    }
  },
  "per_category_keypoint": {
    "car": {
      "PCK@0.05": 0.7359259259259259,
      "PCK@0.10": 0.9118518518518518,
      "PCK@0.15": 0.957037037037037,
      "PCK@0.20": 0.9751851851851852
    },
    "duck": {
      "PCK@0.05": 0.7166666666666667,
      "PCK@0.10": 0.9211111111111111,
      "PCK@0.15": 0.9788888888888889,
      "PCK@0.20": 0.9977777777777778
    },
    "motorbike": {
      "PCK@0.05": 0.5255555555555556,
      "PCK@0.10": 0.8337037037037037,
      "PCK@0.15": 0.9274074074074075,
      "PCK@0.20": 0.967037037037037
    },
    "winebottle": {
      "PCK@0.05": 0.7548148148148148,
      "PCK@0.10": 0.9070370370370371,
      "PCK@0.15": 0.9525925925925925,
      "PCK@0.20": 0.9762962962962963
    }
  },
  "overall_image": {
    "PCK@0.05": {
      "mean": 0.6765555578718583,
      "std": 0.18760277270342748
    },
    "PCK@0.10": {
      "mean": 0.8878888843125767,
      "std": 0.12282773978402485
    },
    "PCK@0.15": {
      "mean": 0.948999996582667,
      "std": 0.08812302028906376
    },
    "PCK@0.20": {
      "mean": 0.9753333306974835,
      "std": 0.057468834780975996
    }
  },
  "per_category_image": {
    "car": {
      "PCK@0.05": 0.735925924943553,
      "PCK@0.10": 0.9118518458472358,
      "PCK@0.15": 0.9570370331958488,
      "PCK@0.20": 0.9751851821387255
    },
    "duck": {
      "PCK@0.05": 0.7166666706403096,
      "PCK@0.10": 0.9211111028989156,
      "PCK@0.15": 0.9788888851801555,
      "PCK@0.20": 0.9977777772479587
    },
    "motorbike": {
      "PCK@0.05": 0.5255555618968275,
      "PCK@0.10": 0.8337037003702588,
      "PCK@0.15": 0.9274074035662192,
      "PCK@0.20": 0.9670370333724552
    },
    "winebottle": {
      "PCK@0.05": 0.7548148158523772,
      "PCK@0.10": 0.9070370338581226,
      "PCK@0.15": 0.9525925901201037,
      "PCK@0.20": 0.976296294397778
    }
  }
}