{
  "name": "DINOv3-ViT-B/16",
  "num_pairs": 900,
  "inference_time_ms": 43.94765959845648,
  "overall_keypoint": {
    "PCK@0.05": {
      "mean": 0.5626666666666666,
      "std": 0.4960573443553567
    },
    "PCK@0.10": {
      "mean": 0.8321111111111111,
      "std": 0.3737675880497709
    },
    "PCK@0.15": {
      "mean": 0.9175555555555556,
      "std": 0.27504064794988275
    },
    "PCK@0.20": {
      "mean": 0.9548888888888889,
      "std": 0.20754782283953763
    }
  },
  "per_category_keypoint": {
    "car": {
      "PCK@0.05": 0.6262962962962964,
      "PCK@0.10": 0.8751851851851852,
      "PCK@0.15": 0.9381481481481482,
      "PCK@0.20": 0.9674074074074074
    },
    "duck": {
      "PCK@0.05": 0.5844444444444444,
      "PCK@0.10": 0.8711111111111111,
      "PCK@0.15": 0.9577777777777777,
      "PCK@0.20": 0.9844444444444445
    },
    "motorbike": {
      "PCK@0.05": 0.4648148148148148,
      "PCK@0.10": 0.8174074074074074,
      "PCK@0.15": 0.9392592592592592,
      "PCK@0.20": 0.9722222222222222
    },
    "winebottle": {
      "PCK@0.05": 0.5896296296296296,
      "PCK@0.10": 0.7907407407407407,
      "PCK@0.15": 0.8618518518518519,
      "PCK@0.20": 0.9151851851851852
    }
  },
  "overall_image": {
    "PCK@0.05": {
      "mean": 0.5626666710029046,
      "std": 0.19455247429835726
    },
    "PCK@0.10": {
      "mean": 0.8321111083858543,
      "std": 0.15268699747644665
    },
    "PCK@0.15": {
      "mean": 0.9175555508004295,
      "std": 0.11682190649304822
    },
    "PCK@0.20": {
      "mean": 0.9548888854516877,
      "std": 0.09338385059228474
    }
  },
  "per_category_image": {
    "car": {
      "PCK@0.05": 0.6262962990061001,
      "PCK@0.10": 0.8751851807037989,
      "PCK@0.15": 0.9381481428941091,
      "PCK@0.20": 0.9674074042726446
    },
    "duck": {
      "PCK@0.05": 0.58444445050425,
      "PCK@0.10": 0.87111110885938,
      "PCK@0.15": 0.9577777723471324,
      "PCK@0.20": 0.984444440735711
    },
    "motorbike": {
      "PCK@0.05": 0.4648148208580635,
      "PCK@0.10": 0.8174074037207497,
      "PCK@0.15": 0.9392592531663401,
      "PCK@0.20": 0.9722222184693372
    },
    "winebottle": {
      "PCK@0.05": 0.5896296333107683,
      "PCK@0.10": 0.7907407405751723,
      "PCK@0.15": 0.8618518491586049,
      "PCK@0.20": 0.9151851818517402
    }
  }
}