{
  "name": "DINOv2-ViT-B/14",
  "num_pairs": 900,
  "inference_time_ms": 65.1111176278856,
  "overall_keypoint": {
    "PCK@0.05": {
      "mean": 0.535,
      "std": 0.4987734956871706
    },
    "PCK@0.10": {
      "mean": 0.803,
      "std": 0.39773232204587045
    },
    "PCK@0.15": {
      "mean": 0.8935555555555555,
      "std": 0.30840561715273285
    },
    "PCK@0.20": {
      "mean": 0.9358888888888889,
      "std": 0.24495076350811784
    }
  },
  "per_category_keypoint": {
    "car": {
      "PCK@0.05": 0.5981481481481481,
      "PCK@0.10": 0.825925925925926,
      "PCK@0.15": 0.9022222222222223,
      "PCK@0.20": 0.9281481481481482
    },
    "duck": {
      "PCK@0.05": 0.6155555555555555,
      "PCK@0.10": 0.8655555555555555,
      "PCK@0.15": 0.9433333333333334,
      "PCK@0.20": 0.9844444444444445
    },
    "motorbike": {
      "PCK@0.05": 0.5133333333333333,
      "PCK@0.10": 0.8644444444444445,
      "PCK@0.15": 0.9588888888888889,
      "PCK@0.20": 0.9862962962962963
    },
    "winebottle": {
      "PCK@0.05": 0.4666666666666667,
      "PCK@0.10": 0.6977777777777778,
      "PCK@0.15": 0.802962962962963,
      "PCK@0.20": 0.8770370370370371
    }
  },
  "overall_image": {
    "PCK@0.05": {
      "mean": 0.5350000051243438,
      "std": 0.19346977659683567
    },
    "PCK@0.10": {
      "mean": 0.8029999966753854,
      "std": 0.16892436788977822
    },
    "PCK@0.15": {
      "mean": 0.8935555513368713,
      "std": 0.13760903317068698
    },
    "PCK@0.20": {
      "mean": 0.9358888850609461,
      "std": 0.1049380180505791
    }
  },
  "per_category_image": {
    "car": {
      "PCK@0.05": 0.5981481519562227,
      "PCK@0.10": 0.8259259209036827,
      "PCK@0.15": 0.902222215908545,
      "PCK@0.20": 0.9281481407306812
    },
    "duck": {
      "PCK@0.05": 0.6155555615822474,
      "PCK@0.10": 0.8655555506547292,
      "PCK@0.15": 0.943333328432507,
      "PCK@0.20": 0.9844444420602586
    },
    "motorbike": {
      "PCK@0.05": 0.5133333397132379,
      "PCK@0.10": 0.8644444381749189,
      "PCK@0.15": 0.9588888835023951,
      "PCK@0.20": 0.9862962936913525
    },
    "winebottle": {
      "PCK@0.05": 0.46666667155093616,
      "PCK@0.10": 0.6977777796211067,
      "PCK@0.15": 0.8029629622344617,
      "PCK@0.20": 0.8770370350943671
    }
  }
}