{
  "name": "DINOv3-ViT-B/16",
  "num_pairs": 900,
  "inference_time_ms": 40.38517872492473,
  "overall_keypoint": {
    "PCK@0.05": {
      "mean": 0.6625555555555556,
      "std": 0.4728379123526632
    },
    "PCK@0.10": {
      "mean": 0.8826666666666667,
      "std": 0.3218170632863059
    },
    "PCK@0.15": {
      "mean": 0.9482222222222222,
      "std": 0.22157806639235042
    },
    "PCK@0.20": {
      "mean": 0.9745555555555555,
      "std": 0.15747071058250176
    }
  },
  "per_category_keypoint": {
    "car": {
      "PCK@0.05": 0.7233333333333334,
      "PCK@0.10": 0.9077777777777778,
      "PCK@0.15": 0.955925925925926,
      "PCK@0.20": 0.9729629629629629
    },
    "duck": {
      "PCK@0.05": 0.6966666666666667,
      "PCK@0.10": 0.9188888888888889,
      "PCK@0.15": 0.9788888888888889,
      "PCK@0.20": 0.9977777777777778
    },
    "motorbike": {
      "PCK@0.05": 0.5096296296296297,
      "PCK@0.10": 0.822962962962963,
      "PCK@0.15": 0.9251851851851852,
      "PCK@0.20": 0.9655555555555555
    },
    "winebottle": {
      "PCK@0.05": 0.7433333333333333,
      "PCK@0.10": 0.9051851851851852,
      "PCK@0.15": 0.9533333333333334,
      "PCK@0.20": 0.9774074074074074
    }
  },
  "overall_image": {
    "PCK@0.05": {
      "mean": 0.6625555580771632,
      "std": 0.1912186657391679
    },
    "PCK@0.10": {
      "mean": 0.8826666621036,
      "std": 0.12449720804337272
    },
    "PCK@0.15": {
      "mean": 0.9482222185201115,
      "std": 0.08836260927957247
    },
    "PCK@0.20": {
      "mean": 0.9745555528667238,
      "std": 0.059323243676828265
    }
  },
  "per_category_image": {
    "car": {
      "PCK@0.05": 0.7233333323288846,
      "PCK@0.10": 0.9077777716848585,
      "PCK@0.15": 0.9559259218198282,
      "PCK@0.20": 0.9729629598282001
    },
    "duck": {
      "PCK@0.05": 0.696666670176718,
      "PCK@0.10": 0.9188888801468743,
      "PCK@0.15": 0.9788888851801555,
      "PCK@0.20": 0.9977777772479587
    },
    "motorbike": {
      "PCK@0.05": 0.5096296368097818,
      "PCK@0.10": 0.8229629597178212,
      "PCK@0.15": 0.9251851809245569,
      "PCK@0.20": 0.9655555517585189
    },
    "winebottle": {
      "PCK@0.05": 0.7433333343929714,
      "PCK@0.10": 0.9051851822270287,
      "PCK@0.15": 0.9533333305959348,
      "PCK@0.20": 0.9774074055530407
    }
  }
}