{
  "name": "DINOv2-ViT-B/14",
  "num_pairs": 900,
  "inference_time_ms": 61.87450885772705,
  "overall_keypoint": {
    "PCK@0.05": {
      "mean": 0.5205555555555555,
      "std": 0.49957729045244087
    },
    "PCK@0.10": {
      "mean": 0.7984444444444444,
      "std": 0.4011619543030557
    },
    "PCK@0.15": {
      "mean": 0.8915555555555555,
      "std": 0.3109409058222804
    },
    "PCK@0.20": {
      "mean": 0.9342222222222222,
      "std": 0.24789324663732787
    }
  },
  "per_category_keypoint": {
    "car": {
      "PCK@0.05": 0.5825925925925926,
      "PCK@0.10": 0.8248148148148148,
      "PCK@0.15": 0.9007407407407407,
      "PCK@0.20": 0.9274074074074075
    },
    "duck": {
      "PCK@0.05": 0.6022222222222222,
      "PCK@0.10": 0.8644444444444445,
      "PCK@0.15": 0.9433333333333334,
      "PCK@0.20": 0.9844444444444445
    },
    "motorbike": {
      "PCK@0.05": 0.49925925925925924,
      "PCK@0.10": 0.8607407407407407,
      "PCK@0.15": 0.9592592592592593,
      "PCK@0.20": 0.9862962962962963
    },
    "winebottle": {
      "PCK@0.05": 0.4525925925925926,
      "PCK@0.10": 0.6877777777777778,
      "PCK@0.15": 0.7974074074074075,
      "PCK@0.20": 0.8722222222222222
    }
  },
  "overall_image": {
    "PCK@0.05": {
      "mean": 0.5205555615325769,
      "std": 0.19479254349121017
    },
    "PCK@0.10": {
      "mean": 0.7984444413251347,
      "std": 0.1718456026166313
    },
    "PCK@0.15": {
      "mean": 0.8915555512242846,
      "std": 0.13966555845157708
    },
    "PCK@0.20": {
      "mean": 0.9342222184605069,
      "std": 0.10690575031797045
    }
  },
  "per_category_image": {
    "car": {
      "PCK@0.05": 0.5825925972174715,
      "PCK@0.10": 0.824814809969178,
      "PCK@0.15": 0.9007407342946088,
      "PCK@0.20": 0.927407400034092
    },
    "duck": {
      "PCK@0.05": 0.6022222285469373,
      "PCK@0.10": 0.8644444399409824,
      "PCK@0.15": 0.943333328432507,
      "PCK@0.20": 0.9844444420602586
    },
    "motorbike": {
      "PCK@0.05": 0.4992592673058863,
      "PCK@0.10": 0.8607407349127311,
      "PCK@0.15": 0.9592592539610686,
      "PCK@0.20": 0.9862962936913525
    },
    "winebottle": {
      "PCK@0.05": 0.45259259773625266,
      "PCK@0.10": 0.6877777795548792,
      "PCK@0.15": 0.7974074063477693,
      "PCK@0.20": 0.8722222204561587
    }
  }
}