{
  "name": "DINOv2-ViT-B/14",
  "num_pairs": 900,
  "inference_time_ms": 61.82798173692491,
  "overall_keypoint": {
    "PCK@0.05": {
      "mean": 0.629,
      "std": 0.48307245833311585
    },
    "PCK@0.10": {
      "mean": 0.8602222222222222,
      "std": 0.34675632743655016
    },
    "PCK@0.15": {
      "mean": 0.9395555555555556,
      "std": 0.23830844210863977
    },
    "PCK@0.20": {
      "mean": 0.9713333333333334,
      "std": 0.1668678785413445
    }
  },
  "per_category_keypoint": {
    "car": {
      "PCK@0.05": 0.6555555555555556,
      "PCK@0.10": 0.8770370370370371,
      "PCK@0.15": 0.9422222222222222,
      "PCK@0.20": 0.9740740740740741
    },
    "duck": {
      "PCK@0.05": 0.62,
      "PCK@0.10": 0.8577777777777778,
      "PCK@0.15": 0.9477777777777778,
      "PCK@0.20": 0.9833333333333333
    },
    "motorbike": {
      "PCK@0.05": 0.48333333333333334,
      "PCK@0.10": 0.7911111111111111,
      "PCK@0.15": 0.9203703703703704,
      "PCK@0.20": 0.9685185185185186
    },
    "winebottle": {
      "PCK@0.05": 0.7511111111111111,
      "PCK@0.10": 0.9133333333333333,
      "PCK@0.15": 0.9533333333333334,
      "PCK@0.20": 0.9674074074074074
    }
  },
  "overall_image": {
    "PCK@0.05": {
      "mean": 0.6290000038759576,
      "std": 0.1833427219100437
    },
    "PCK@0.10": {
      "mean": 0.8602222169107862,
      "std": 0.12550322988849205
    },
    "PCK@0.15": {
      "mean": 0.9395555496878094,
      "std": 0.08361168443610775
    },
    "PCK@0.20": {
      "mean": 0.9713333292802175,
      "std": 0.05850356558904074
    }
  },
  "per_category_image": {
    "car": {
      "PCK@0.05": 0.6555555599707145,
      "PCK@0.10": 0.8770370308999662,
      "PCK@0.15": 0.9422222163942126,
      "PCK@0.20": 0.9740740701004311
    },
    "duck": {
      "PCK@0.05": 0.620000005678998,
      "PCK@0.10": 0.8577777710225847,
      "PCK@0.15": 0.9477777706252204,
      "PCK@0.20": 0.9833333293596903
    },
    "motorbike": {
      "PCK@0.05": 0.4833333400112611,
      "PCK@0.10": 0.7911111072257713,
      "PCK@0.15": 0.920370363747632,
      "PCK@0.20": 0.9685185141033597
    },
    "winebottle": {
      "PCK@0.05": 0.7511111110448837,
      "PCK@0.10": 0.913333327902688,
      "PCK@0.15": 0.9533333286091134,
      "PCK@0.20": 0.9674074036103708
    }
  }
}