{
  "name": "SAM-ViT-B",
  "num_pairs": 900,
  "inference_time_ms": 241.47235949834186,
  "overall_keypoint": {
    "PCK@0.05": {
      "mean": 0.4112222222222222,
      "std": 0.4920553893342085
    },
    "PCK@0.10": {
      "mean": 0.596,
      "std": 0.4906974628016738
    },
    "PCK@0.15": {
      "mean": 0.6957777777777778,
      "std": 0.46007723452524246
    },
    "PCK@0.20": {
      "mean": 0.7606666666666667,
      "std": 0.4266765623852439
    }
  },
  "per_category_keypoint": {
    "car": {
      "PCK@0.05": 0.4462962962962963,
      "PCK@0.10": 0.6270370370370371,
      "PCK@0.15": 0.7044444444444444,
      "PCK@0.20": 0.7481481481481481
    },
    "duck": {
      "PCK@0.05": 0.47888888888888886,
      "PCK@0.10": 0.6522222222222223,
      "PCK@0.15": 0.74,
      "PCK@0.20": 0.8055555555555556
    },
    "motorbike": {
      "PCK@0.05": 0.28074074074074074,
      "PCK@0.10": 0.4677777777777778,
      "PCK@0.15": 0.5955555555555555,
      "PCK@0.20": 0.6825925925925926
    },
    "winebottle": {
      "PCK@0.05": 0.4840740740740741,
      "PCK@0.10": 0.6744444444444444,
      "PCK@0.15": 0.7725925925925926,
      "PCK@0.20": 0.8362962962962963
    }
  },
  "overall_image": {
    "PCK@0.05": {
      "mean": 0.4112222276710802,
      "std": 0.18582146548099368
    },
    "PCK@0.10": {
      "mean": 0.5960000033511056,
      "std": 0.19443821750652815
    },
    "PCK@0.15": {
      "mean": 0.6957777790559663,
      "std": 0.1788977167023894
    },
    "PCK@0.20": {
      "mean": 0.7606666665027539,
      "std": 0.17252245608880942
    }
  },
  "per_category_image": {
    "car": {
      "PCK@0.05": 0.4462963011805658,
      "PCK@0.10": 0.627037040364963,
      "PCK@0.15": 0.7044444450901615,
      "PCK@0.20": 0.7481481491139641
    },
    "duck": {
      "PCK@0.05": 0.4788888959421052,
      "PCK@0.10": 0.6522222256494893,
      "PCK@0.15": 0.7399999996026357,
      "PCK@0.20": 0.8055555505885018
    },
    "motorbike": {
      "PCK@0.05": 0.28074074630384094,
      "PCK@0.10": 0.46777778309252527,
      "PCK@0.15": 0.5955555605667608,
      "PCK@0.20": 0.6825925941820498
    },
    "winebottle": {
      "PCK@0.05": 0.4840740794384921,
      "PCK@0.10": 0.6744444458297005,
      "PCK@0.15": 0.7725925913287534,
      "PCK@0.20": 0.8362962948503317
    }
  }
}