{
  "name": "SAM-ViT-B",
  "num_pairs": 900,
  "inference_time_ms": 238.67267264260187,
  "overall_keypoint": {
    "PCK@0.05": {
      "mean": 0.30477777777777776,
      "std": 0.46031324546510416
    },
    "PCK@0.10": {
      "mean": 0.48833333333333334,
      "std": 0.4998638703576094
    },
    "PCK@0.15": {
      "mean": 0.5838888888888889,
      "std": 0.4929124205383626
    },
    "PCK@0.20": {
      "mean": 0.6648888888888889,
      "std": 0.47202929392251464
    }
  },
  "per_category_keypoint": {
    "car": {
      "PCK@0.05": 0.34814814814814815,
      "PCK@0.10": 0.5596296296296296,
      "PCK@0.15": 0.6425925925925926,
      "PCK@0.20": 0.7111111111111111
    },
    "duck": {
      "PCK@0.05": 0.3933333333333333,
      "PCK@0.10": 0.6155555555555555,
      "PCK@0.15": 0.7066666666666667,
      "PCK@0.20": 0.7733333333333333
    },
    "motorbike": {
      "PCK@0.05": 0.1814814814814815,
      "PCK@0.10": 0.35703703703703704,
      "PCK@0.15": 0.4848148148148148,
      "PCK@0.20": 0.6033333333333334
    },
    "winebottle": {
      "PCK@0.05": 0.35518518518518516,
      "PCK@0.10": 0.5059259259259259,
      "PCK@0.15": 0.5833333333333334,
      "PCK@0.20": 0.644074074074074
    }
  },
  "overall_image": {
    "PCK@0.05": {
      "mean": 0.30477778340379397,
      "std": 0.17540257236768936
    },
    "PCK@0.10": {
      "mean": 0.4883333394759231,
      "std": 0.1958102804887023
    },
    "PCK@0.15": {
      "mean": 0.583888893491692,
      "std": 0.18772434740318164
    },
    "PCK@0.20": {
      "mean": 0.6648888910892937,
      "std": 0.18199660275499138
    }
  },
  "per_category_image": {
    "car": {
      "PCK@0.05": 0.3481481550192391,
      "PCK@0.10": 0.5596296353196656,
      "PCK@0.15": 0.6425925968421831,
      "PCK@0.20": 0.7111111120217376
    },
    "duck": {
      "PCK@0.05": 0.39333334101570977,
      "PCK@0.10": 0.6155555625756581,
      "PCK@0.15": 0.7066666649447547,
      "PCK@0.20": 0.7733333312802845
    },
    "motorbike": {
      "PCK@0.05": 0.1814814849584191,
      "PCK@0.10": 0.3570370440129881,
      "PCK@0.15": 0.48481482134924997,
      "PCK@0.20": 0.6033333376877837
    },
    "winebottle": {
      "PCK@0.05": 0.35518519102975177,
      "PCK@0.10": 0.505925931395204,
      "PCK@0.15": 0.5833333384659555,
      "PCK@0.20": 0.6440740768280294
    }
  }
}