{
  "name": "SAM-ViT-B",
  "num_pairs": 900,
  "inference_time_ms": 241.61808914608426,
  "overall_keypoint": {
    "PCK@0.05": {
      "mean": 0.30722222222222223,
      "std": 0.4613423115161471
    },
    "PCK@0.10": {
      "mean": 0.4891111111111111,
      "std": 0.4998814180370835
    },
    "PCK@0.15": {
      "mean": 0.5843333333333334,
      "std": 0.4928365742199831
    },
    "PCK@0.20": {
      "mean": 0.6657777777777778,
      "std": 0.47171784828969715
    }
  },
  "per_category_keypoint": {
    "car": {
      "PCK@0.05": 0.3522222222222222,
      "PCK@0.10": 0.5614814814814815,
      "PCK@0.15": 0.642962962962963,
      "PCK@0.20": 0.7122222222222222
    },
    "duck": {
      "PCK@0.05": 0.3988888888888889,
      "PCK@0.10": 0.6144444444444445,
      "PCK@0.15": 0.7077777777777777,
      "PCK@0.20": 0.7711111111111111
    },
    "motorbike": {
      "PCK@0.05": 0.18296296296296297,
      "PCK@0.10": 0.3585185185185185,
      "PCK@0.15": 0.4848148148148148,
      "PCK@0.20": 0.6037037037037037
    },
    "winebottle": {
      "PCK@0.05": 0.3559259259259259,
      "PCK@0.10": 0.5055555555555555,
      "PCK@0.15": 0.5840740740740741,
      "PCK@0.20": 0.6462962962962963
    }
  },
  "overall_image": {
    "PCK@0.05": {
      "mean": 0.3072222277936008,
      "std": 0.17512870214075374
    },
    "PCK@0.10": {
      "mean": 0.489111117174228,
      "std": 0.19639327964368913
    },
    "PCK@0.15": {
      "mean": 0.5843333377771908,
      "std": 0.18752510526820348
    },
    "PCK@0.20": {
      "mean": 0.6657777799252007,
      "std": 0.18234873100865603
    }
  },
  "per_category_image": {
    "car": {
      "PCK@0.05": 0.3522222289608585,
      "PCK@0.10": 0.5614814873370859,
      "PCK@0.15": 0.6429629665282037,
      "PCK@0.20": 0.7122222232873793
    },
    "duck": {
      "PCK@0.05": 0.39888889665404953,
      "PCK@0.10": 0.6144444505373637,
      "PCK@0.15": 0.7077777756585015,
      "PCK@0.20": 0.7711111098527909
    },
    "motorbike": {
      "PCK@0.05": 0.18296296665513956,
      "PCK@0.10": 0.3585185252405979,
      "PCK@0.15": 0.48481482179076585,
      "PCK@0.20": 0.6037037079256994
    },
    "winebottle": {
      "PCK@0.05": 0.35592593147798823,
      "PCK@0.10": 0.5055555611572884,
      "PCK@0.15": 0.5840740790521657,
      "PCK@0.20": 0.6462962985866599
    }
  }
}