{
  "name": "SAM-ViT-B",
  "num_pairs": 900,
  "inference_time_ms": 239.65833716922336,
  "overall_keypoint": {
    "PCK@0.05": {
      "mean": 0.4041111111111111,
      "std": 0.4907191875071264
    },
    "PCK@0.10": {
      "mean": 0.5925555555555555,
      "std": 0.49135879877723004
    },
    "PCK@0.15": {
      "mean": 0.6943333333333334,
      "std": 0.4606892179718943
    },
    "PCK@0.20": {
      "mean": 0.7596666666666667,
      "std": 0.4272858788003907
    }
  },
  "per_category_keypoint": {
    "car": {
      "PCK@0.05": 0.4374074074074074,
      "PCK@0.10": 0.6229629629629629,
      "PCK@0.15": 0.7007407407407408,
      "PCK@0.20": 0.7466666666666667
    },
    "duck": {
      "PCK@0.05": 0.4577777777777778,
      "PCK@0.10": 0.6477777777777778,
      "PCK@0.15": 0.7366666666666667,
      "PCK@0.20": 0.8055555555555556
    },
    "motorbike": {
      "PCK@0.05": 0.28,
      "PCK@0.10": 0.4603703703703704,
      "PCK@0.15": 0.5937037037037037,
      "PCK@0.20": 0.6811111111111111
    },
    "winebottle": {
      "PCK@0.05": 0.47703703703703704,
      "PCK@0.10": 0.6759259259259259,
      "PCK@0.15": 0.7744444444444445,
      "PCK@0.20": 0.835925925925926
    }
  },
  "overall_image": {
    "PCK@0.05": {
      "mean": 0.40411111663613053,
      "std": 0.18551666214422594
    },
    "PCK@0.10": {
      "mean": 0.5925555591781934,
      "std": 0.19641260606069524
    },
    "PCK@0.15": {
      "mean": 0.6943333349459702,
      "std": 0.17957077893629897
    },
    "PCK@0.20": {
      "mean": 0.7596666664630175,
      "std": 0.17309566412435407
    }
  },
  "per_category_image": {
    "car": {
      "PCK@0.05": 0.43740741265592753,
      "PCK@0.10": 0.6229629661473963,
      "PCK@0.15": 0.7007407418279736,
      "PCK@0.20": 0.7466666677207858
    },
    "duck": {
      "PCK@0.05": 0.45777778493033516,
      "PCK@0.10": 0.6477777814699544,
      "PCK@0.15": 0.7366666661368476,
      "PCK@0.20": 0.8055555512507756
    },
    "motorbike": {
      "PCK@0.05": 0.2800000058280097,
      "PCK@0.10": 0.46037037629220223,
      "PCK@0.15": 0.5937037089908564,
      "PCK@0.20": 0.6811111125681135
    },
    "winebottle": {
      "PCK@0.05": 0.47703704199305286,
      "PCK@0.10": 0.6759259276643947,
      "PCK@0.15": 0.7744444436221211,
      "PCK@0.20": 0.8359259241709003
    }
  }
}