{
  "name": "DINOv2-ViT-B/14",
  "num_pairs": 12234,
  "inference_time_ms": 60.13750127664828,
  "overall_keypoint": {
    "PCK@0.05": {
      "mean": 0.5143102979802554,
      "std": 0.49979517341778745
    },
    "PCK@0.10": {
      "mean": 0.6873018748301785,
      "std": 0.4635925017567693
    },
    "PCK@0.15": {
      "mean": 0.7644574766778371,
      "std": 0.42433741648503165
    },
    "PCK@0.20": {
      "mean": 0.8097998369712889,
      "std": 0.3924589927783065
    }
  },
  "per_category_keypoint": {
    "aeroplane": {
      "PCK@0.05": 0.6119592875318066,
      "PCK@0.10": 0.7231915667030171,
      "PCK@0.15": 0.7982551799345693,
      "PCK@0.20": 0.8355143584151218
    },
    "bicycle": {
      "PCK@0.05": 0.42291774443869634,
      "PCK@0.10": 0.5882048629073978,
      "PCK@0.15": 0.6725297465080187,
      "PCK@0.20": 0.7219348163476461
    },
    "bird": {
      "PCK@0.05": 0.6883624655013799,
      "PCK@0.10": 0.8702851885924563,
      "PCK@0.15": 0.9119135234590616,
      "PCK@0.20": 0.9395124195032198
    },
    "boat": {
      "PCK@0.05": 0.3301831069108092,
      "PCK@0.10": 0.5212640283520378,
      "PCK@0.15": 0.6184288245717661,
      "PCK@0.20": 0.6857649143532192
    },
    "bottle": {
      "PCK@0.05": 0.41529118654624725,
      "PCK@0.10": 0.5722516350046715,
      "PCK@0.15": 0.6465275615073186,
      "PCK@0.20": 0.6926191217689194
    },
    "bus": {
      "PCK@0.05": 0.5853059401518536,
      "PCK@0.10": 0.7443054935238946,
      "PCK@0.15": 0.799910674408218,
      "PCK@0.20": 0.8231353282715498
    },
    "car": {
      "PCK@0.05": 0.5579064587973274,
      "PCK@0.10": 0.6728841870824054,
      "PCK@0.15": 0.7257795100222717,
      "PCK@0.20": 0.763641425389755
    },
    "cat": {
      "PCK@0.05": 0.7612132946111649,
      "PCK@0.10": 0.8412391093901258,
      "PCK@0.15": 0.8917392707324944,
      "PCK@0.20": 0.920458212326557
    },
    "chair": {
      "PCK@0.05": 0.37869660460021903,
      "PCK@0.10": 0.47426067907995617,
      "PCK@0.15": 0.5251916757940854,
      "PCK@0.20": 0.5627053669222344
    },
    "cow": {
      "PCK@0.05": 0.6285927584919746,
      "PCK@0.10": 0.8225083986562151,
      "PCK@0.15": 0.893057110862262,
      "PCK@0.20": 0.9329973870847331
    },
    "dog": {
      "PCK@0.05": 0.5664306538942108,
      "PCK@0.10": 0.7486463973344439,
      "PCK@0.15": 0.81695127030404,
      "PCK@0.20": 0.870887130362349
    },
    "horse": {
      "PCK@0.05": 0.48894557823129253,
      "PCK@0.10": 0.7032312925170068,
      "PCK@0.15": 0.7931547619047619,
      "PCK@0.20": 0.8484268707482994
    },
    "motorbike": {
      "PCK@0.05": 0.5038212815990594,
      "PCK@0.10": 0.6696061140505585,
      "PCK@0.15": 0.7566137566137566,
      "PCK@0.20": 0.7960023515579071
    },
    "person": {
      "PCK@0.05": 0.44064245810055863,
      "PCK@0.10": 0.659217877094972,
      "PCK@0.15": 0.7353351955307262,
      "PCK@0.20": 0.7814245810055865
    },
    "pottedplant": {
      "PCK@0.05": 0.23782108060230292,
      "PCK@0.10": 0.43600531443755536,
      "PCK@0.15": 0.5651018600531443,
      "PCK@0.20": 0.6538972542072631
    },
    "sheep": {
      "PCK@0.05": 0.4797368421052632,
      "PCK@0.10": 0.6942105263157895,
      "PCK@0.15": 0.7671052631578947,
      "PCK@0.20": 0.8205263157894737
    },
    "train": {
      "PCK@0.05": 0.6143187066974596,
      "PCK@0.10": 0.7993071593533487,
      "PCK@0.15": 0.8695150115473441,
      "PCK@0.20": 0.9057736720554272
    },
    "tvmonitor": {
      "PCK@0.05": 0.3689082493874217,
      "PCK@0.10": 0.6242853253471277,
      "PCK@0.15": 0.7510209637898176,
      "PCK@0.20": 0.8091478355567656
    }
  },
  "overall_image": {
    "PCK@0.05": {
      "mean": 0.4810377555587663,
      "std": 0.2836321039087209
    },
    "PCK@0.10": {
      "mean": 0.6507198664915315,
      "std": 0.2829633292752798
    },
    "PCK@0.15": {
      "mean": 0.7271681891232656,
      "std": 0.27155284270676866
    },
    "PCK@0.20": {
      "mean": 0.7731251330918028,
      "std": 0.2595292041617442
    }
  },
  "per_category_image": {
    "aeroplane": {
      "PCK@0.05": 0.6203236171516819,
      "PCK@0.10": 0.7337012615972671,
      "PCK@0.15": 0.8014182370641957,
      "PCK@0.20": 0.837979984326639
    },
    "bicycle": {
      "PCK@0.05": 0.4118827340465326,
      "PCK@0.10": 0.5777357151416632,
      "PCK@0.15": 0.6535978517394799,
      "PCK@0.20": 0.6989378995620288
    },
    "bird": {
      "PCK@0.05": 0.6856456768945751,
      "PCK@0.10": 0.8751193082060909,
      "PCK@0.15": 0.9146440631558752,
      "PCK@0.20": 0.939271777316376
    },
    "boat": {
      "PCK@0.05": 0.3599172461342778,
      "PCK@0.10": 0.5399516161180969,
      "PCK@0.15": 0.6292768997217175,
      "PCK@0.20": 0.6911336128995289
    },
    "bottle": {
      "PCK@0.05": 0.3993299599865387,
      "PCK@0.10": 0.5615042886514773,
      "PCK@0.15": 0.6353357068166651,
      "PCK@0.20": 0.6815991624761587
    },
    "bus": {
      "PCK@0.05": 0.5532401424849996,
      "PCK@0.10": 0.6930626957497982,
      "PCK@0.15": 0.740484997097935,
      "PCK@0.20": 0.7648095159750917
    },
    "car": {
      "PCK@0.05": 0.5009114319551076,
      "PCK@0.10": 0.6142788560968553,
      "PCK@0.15": 0.6660751012543625,
      "PCK@0.20": 0.7078475692963346
    },
    "cat": {
      "PCK@0.05": 0.7624806228280068,
      "PCK@0.10": 0.8417090771595637,
      "PCK@0.15": 0.8924798145393531,
      "PCK@0.20": 0.9209524387121201
    },
    "chair": {
      "PCK@0.05": 0.3605310122479595,
      "PCK@0.10": 0.4577287763657031,
      "PCK@0.15": 0.5069875628932526,
      "PCK@0.20": 0.5447702994425968
    },
    "cow": {
      "PCK@0.05": 0.5989391376264394,
      "PCK@0.10": 0.8060126470867545,
      "PCK@0.15": 0.8833806111477316,
      "PCK@0.20": 0.9193021093495191
    },
    "dog": {
      "PCK@0.05": 0.5402932130297025,
      "PCK@0.10": 0.7274645634740591,
      "PCK@0.15": 0.8042884327967962,
      "PCK@0.20": 0.8590666856368383
    },
    "horse": {
      "PCK@0.05": 0.4620522182807326,
      "PCK@0.10": 0.677617721632123,
      "PCK@0.15": 0.7666407805681229,
      "PCK@0.20": 0.8241300305972497
    },
    "motorbike": {
      "PCK@0.05": 0.49025008524967056,
      "PCK@0.10": 0.6563627787592404,
      "PCK@0.15": 0.7396311035692862,
      "PCK@0.20": 0.7782164372694798
    },
    "person": {
      "PCK@0.05": 0.42271072792319153,
      "PCK@0.10": 0.6416299749337709,
      "PCK@0.15": 0.7211686910459628,
      "PCK@0.20": 0.768426497051349
    },
    "pottedplant": {
      "PCK@0.05": 0.21650876812723285,
      "PCK@0.10": 0.3953085338173914,
      "PCK@0.15": 0.5299939278106955,
      "PCK@0.20": 0.6119623103820807
    },
    "sheep": {
      "PCK@0.05": 0.44604059120258654,
      "PCK@0.10": 0.6299773370061653,
      "PCK@0.15": 0.7010384928435087,
      "PCK@0.20": 0.7564777785306236
    },
    "train": {
      "PCK@0.05": 0.5844467263373118,
      "PCK@0.10": 0.7734891524410279,
      "PCK@0.15": 0.8464831875036003,
      "PCK@0.20": 0.887217883710508
    },
    "tvmonitor": {
      "PCK@0.05": 0.3618286253421465,
      "PCK@0.10": 0.6115462829741095,
      "PCK@0.15": 0.7341848125067577,
      "PCK@0.20": 0.7911831599288766
    }
  }
}