{
  "name": "DINOv3-ViT-B/16",
  "num_pairs": 12234,
  "inference_time_ms": 42.57051645004225,
  "overall_keypoint": {
    "PCK@0.05": {
      "mean": 0.2915270355946019,
      "std": 0.4544656456895566
    },
    "PCK@0.10": {
      "mean": 0.4795308395978625,
      "std": 0.49958083777546114
    },
    "PCK@0.15": {
      "mean": 0.5786273888234761,
      "std": 0.49377903330012085
    },
    "PCK@0.20": {
      "mean": 0.6432161941853093,
      "std": 0.47905022881016956
    }
  },
  "per_category_keypoint": {
    "aeroplane": {
      "PCK@0.05": 0.3182479098509633,
      "PCK@0.10": 0.4776444929116685,
      "PCK@0.15": 0.5597964376590331,
      "PCK@0.20": 0.6125045438022537
    },
    "bicycle": {
      "PCK@0.05": 0.25142265907915157,
      "PCK@0.10": 0.4265390584583549,
      "PCK@0.15": 0.5250905328504915,
      "PCK@0.20": 0.5975168132436627
    },
    "bird": {
      "PCK@0.05": 0.41605335786568537,
      "PCK@0.10": 0.6524839006439742,
      "PCK@0.15": 0.7582796688132475,
      "PCK@0.20": 0.8139374425022999
    },
    "boat": {
      "PCK@0.05": 0.12610750147666863,
      "PCK@0.10": 0.25014766686355583,
      "PCK@0.15": 0.3381571175428234,
      "PCK@0.20": 0.4060838747784997
    },
    "bottle": {
      "PCK@0.05": 0.2485207100591716,
      "PCK@0.10": 0.4075054500155715,
      "PCK@0.15": 0.49361569604484584,
      "PCK@0.20": 0.557614450327001
    },
    "bus": {
      "PCK@0.05": 0.3016971862438589,
      "PCK@0.10": 0.4609200535953551,
      "PCK@0.15": 0.5283608753907995,
      "PCK@0.20": 0.5719071013845467
    },
    "car": {
      "PCK@0.05": 0.29120267260579064,
      "PCK@0.10": 0.4537861915367483,
      "PCK@0.15": 0.5267260579064588,
      "PCK@0.20": 0.5773942093541202
    },
    "cat": {
      "PCK@0.05": 0.5172636334301387,
      "PCK@0.10": 0.6608583414004517,
      "PCK@0.15": 0.733946434333656,
      "PCK@0.20": 0.7850919651500484
    },
    "chair": {
      "PCK@0.05": 0.16128148959474262,
      "PCK@0.10": 0.2839539978094195,
      "PCK@0.15": 0.36883899233296824,
      "PCK@0.20": 0.42552026286966044
    },
    "cow": {
      "PCK@0.05": 0.3977230309817096,
      "PCK@0.10": 0.620194102276969,
      "PCK@0.15": 0.7088465845464725,
      "PCK@0.20": 0.768943635684957
    },
    "dog": {
      "PCK@0.05": 0.3036234902124115,
      "PCK@0.10": 0.5087463556851312,
      "PCK@0.15": 0.6007913369429404,
      "PCK@0.20": 0.6682632236568097
    },
    "horse": {
      "PCK@0.05": 0.24107142857142858,
      "PCK@0.10": 0.4530187074829932,
      "PCK@0.15": 0.5761054421768708,
      "PCK@0.20": 0.6443452380952381
    },
    "motorbike": {
      "PCK@0.05": 0.23544973544973544,
      "PCK@0.10": 0.41857730746619637,
      "PCK@0.15": 0.5323339212228101,
      "PCK@0.20": 0.6069958847736625
    },
    "person": {
      "PCK@0.05": 0.3023743016759777,
      "PCK@0.10": 0.5337523277467412,
      "PCK@0.15": 0.6364059590316573,
      "PCK@0.20": 0.7057728119180633
    },
    "pottedplant": {
      "PCK@0.05": 0.17891939769707707,
      "PCK@0.10": 0.3828609388839681,
      "PCK@0.15": 0.5011071744906997,
      "PCK@0.20": 0.5810451727192205
    },
    "sheep": {
      "PCK@0.05": 0.23342105263157895,
      "PCK@0.10": 0.4544736842105263,
      "PCK@0.15": 0.5789473684210527,
      "PCK@0.20": 0.6618421052631579
    },
    "train": {
      "PCK@0.05": 0.32551963048498844,
      "PCK@0.10": 0.520554272517321,
      "PCK@0.15": 0.6326789838337182,
      "PCK@0.20": 0.7040415704387991
    },
    "tvmonitor": {
      "PCK@0.05": 0.2267900898448135,
      "PCK@0.10": 0.4591614484072965,
      "PCK@0.15": 0.592567383610128,
      "PCK@0.20": 0.6658045194663763
    }
  },
  "overall_image": {
    "PCK@0.05": {
      "mean": 0.25386197881878775,
      "std": 0.2418649657657575
    },
    "PCK@0.10": {
      "mean": 0.4280002106730798,
      "std": 0.2963540554316589
    },
    "PCK@0.15": {
      "mean": 0.5241825226770471,
      "std": 0.3101149491990191
    },
    "PCK@0.20": {
      "mean": 0.5875598253456619,
      "std": 0.314077751156517
    }
  },
  "per_category_image": {
    "aeroplane": {
      "PCK@0.05": 0.30047227206869404,
      "PCK@0.10": 0.4562558021882306,
      "PCK@0.15": 0.5369765631854534,
      "PCK@0.20": 0.5902599664701932
    },
    "bicycle": {
      "PCK@0.05": 0.22734438199263352,
      "PCK@0.10": 0.3916209402336524,
      "PCK@0.15": 0.48617261107151327,
      "PCK@0.20": 0.5592844989437323
    },
    "bird": {
      "PCK@0.05": 0.4085441648302085,
      "PCK@0.10": 0.636564981797312,
      "PCK@0.15": 0.7443269004466867,
      "PCK@0.20": 0.7991304411592647
    },
    "boat": {
      "PCK@0.05": 0.10969113316546139,
      "PCK@0.10": 0.21642642570102316,
      "PCK@0.15": 0.2893580728849964,
      "PCK@0.20": 0.3457649375744525
    },
    "bottle": {
      "PCK@0.05": 0.23208493225533386,
      "PCK@0.10": 0.38886380479082294,
      "PCK@0.15": 0.47951879495348054,
      "PCK@0.20": 0.5426856436177917
    },
    "bus": {
      "PCK@0.05": 0.22738874489615052,
      "PCK@0.10": 0.3506396013248411,
      "PCK@0.15": 0.4047077049888809,
      "PCK@0.20": 0.4441469089237985
    },
    "car": {
      "PCK@0.05": 0.20402617806714055,
      "PCK@0.10": 0.3270491311947505,
      "PCK@0.15": 0.39778015329271343,
      "PCK@0.20": 0.4459239113415387
    },
    "cat": {
      "PCK@0.05": 0.5191381565481424,
      "PCK@0.10": 0.6611860902234912,
      "PCK@0.15": 0.7351298306634029,
      "PCK@0.20": 0.7872599581380685
    },
    "chair": {
      "PCK@0.05": 0.14238923089146244,
      "PCK@0.10": 0.2584890296492414,
      "PCK@0.15": 0.3408346561478572,
      "PCK@0.20": 0.39600098160767333
    },
    "cow": {
      "PCK@0.05": 0.34330956197809426,
      "PCK@0.10": 0.5638866798719391,
      "PCK@0.15": 0.658012702409178,
      "PCK@0.20": 0.7218402376165614
    },
    "dog": {
      "PCK@0.05": 0.28675300133725007,
      "PCK@0.10": 0.4882236120477319,
      "PCK@0.15": 0.5869042224809528,
      "PCK@0.20": 0.6588869838789105
    },
    "horse": {
      "PCK@0.05": 0.22960103252281747,
      "PCK@0.10": 0.43478079957266647,
      "PCK@0.15": 0.555205796721081,
      "PCK@0.20": 0.6230783035109441
    },
    "motorbike": {
      "PCK@0.05": 0.22522385361102912,
      "PCK@0.10": 0.40610840294690553,
      "PCK@0.15": 0.5168113834582843,
      "PCK@0.20": 0.5925479406899536
    },
    "person": {
      "PCK@0.05": 0.28344280950151957,
      "PCK@0.10": 0.49768463774369315,
      "PCK@0.15": 0.5980731509969784,
      "PCK@0.20": 0.6689669016118233
    },
    "pottedplant": {
      "PCK@0.05": 0.16094906850266347,
      "PCK@0.10": 0.3471771113902953,
      "PCK@0.15": 0.4620976547976381,
      "PCK@0.20": 0.5388773843784344
    },
    "sheep": {
      "PCK@0.05": 0.21170670240668646,
      "PCK@0.10": 0.41444072701844825,
      "PCK@0.15": 0.5355799976422126,
      "PCK@0.20": 0.6063477478091077
    },
    "train": {
      "PCK@0.05": 0.302326590187414,
      "PCK@0.10": 0.4925079251289683,
      "PCK@0.15": 0.60500331853748,
      "PCK@0.20": 0.6771294723841406
    },
    "tvmonitor": {
      "PCK@0.05": 0.20261769991561857,
      "PCK@0.10": 0.4127821738406413,
      "PCK@0.15": 0.5317612903547941,
      "PCK@0.20": 0.5994856589812936
    }
  }
}