{
  "name": "DINOv2-ViT-B/14",
  "num_pairs": 12234,
  "inference_time_ms": 62.36226946110622,
  "overall_keypoint": {
    "PCK@0.05": {
      "mean": 0.5314056697762883,
      "std": 0.4990127091627053
    },
    "PCK@0.10": {
      "mean": 0.6958495607281949,
      "std": 0.4600466819384454
    },
    "PCK@0.15": {
      "mean": 0.7684765872656463,
      "std": 0.42180602424596997
    },
    "PCK@0.20": {
      "mean": 0.8121660175708723,
      "std": 0.39057954052144345
    }
  },
  "per_category_keypoint": {
    "aeroplane": {
      "PCK@0.05": 0.6197746274082152,
      "PCK@0.10": 0.7293711377680844,
      "PCK@0.15": 0.8006179571065067,
      "PCK@0.20": 0.8371501272264631
    },
    "bicycle": {
      "PCK@0.05": 0.44335230212105536,
      "PCK@0.10": 0.6052767718572167,
      "PCK@0.15": 0.6818416968442835,
      "PCK@0.20": 0.7263321262286602
    },
    "bird": {
      "PCK@0.05": 0.7178012879484821,
      "PCK@0.10": 0.8741950321987121,
      "PCK@0.15": 0.9137534498620056,
      "PCK@0.20": 0.9406623735050598
    },
    "boat": {
      "PCK@0.05": 0.3372711163614885,
      "PCK@0.10": 0.5339633786178382,
      "PCK@0.15": 0.6237448316597756,
      "PCK@0.20": 0.6878322504430006
    },
    "bottle": {
      "PCK@0.05": 0.42260977888508255,
      "PCK@0.10": 0.5741202117720337,
      "PCK@0.15": 0.6485518530052943,
      "PCK@0.20": 0.6938648396138275
    },
    "bus": {
      "PCK@0.05": 0.6054041983028138,
      "PCK@0.10": 0.751004912907548,
      "PCK@0.15": 0.800133988387673,
      "PCK@0.20": 0.8233586422510049
    },
    "car": {
      "PCK@0.05": 0.575445434298441,
      "PCK@0.10": 0.6820712694877505,
      "PCK@0.15": 0.7305122494432071,
      "PCK@0.20": 0.7653118040089086
    },
    "cat": {
      "PCK@0.05": 0.7741206840916425,
      "PCK@0.10": 0.8434979025492094,
      "PCK@0.15": 0.8939980638915779,
      "PCK@0.20": 0.9194901581155212
    },
    "chair": {
      "PCK@0.05": 0.3795180722891566,
      "PCK@0.10": 0.47289156626506024,
      "PCK@0.15": 0.5292990142387732,
      "PCK@0.20": 0.566538882803943
    },
    "cow": {
      "PCK@0.05": 0.6666666666666666,
      "PCK@0.10": 0.8329600597237775,
      "PCK@0.15": 0.8956700261291527,
      "PCK@0.20": 0.9372900335946248
    },
    "dog": {
      "PCK@0.05": 0.5987088713036235,
      "PCK@0.10": 0.7630154102457309,
      "PCK@0.15": 0.8211162015826738,
      "PCK@0.20": 0.8748438150770512
    },
    "horse": {
      "PCK@0.05": 0.5293367346938775,
      "PCK@0.10": 0.7215136054421769,
      "PCK@0.15": 0.7982568027210885,
      "PCK@0.20": 0.8494897959183674
    },
    "motorbike": {
      "PCK@0.05": 0.5229276895943563,
      "PCK@0.10": 0.6798941798941799,
      "PCK@0.15": 0.757201646090535,
      "PCK@0.20": 0.7957084068195179
    },
    "person": {
      "PCK@0.05": 0.45297951582867785,
      "PCK@0.10": 0.6655027932960894,
      "PCK@0.15": 0.7388268156424581,
      "PCK@0.20": 0.7853817504655494
    },
    "pottedplant": {
      "PCK@0.05": 0.2437998228520815,
      "PCK@0.10": 0.44685562444641275,
      "PCK@0.15": 0.5737378210806023,
      "PCK@0.20": 0.6576616474756422
    },
    "sheep": {
      "PCK@0.05": 0.49736842105263157,
      "PCK@0.10": 0.7010526315789474,
      "PCK@0.15": 0.7760526315789473,
      "PCK@0.20": 0.8231578947368421
    },
    "train": {
      "PCK@0.05": 0.6374133949191686,
      "PCK@0.10": 0.811431870669746,
      "PCK@0.15": 0.8732101616628175,
      "PCK@0.20": 0.9070438799076213
    },
    "tvmonitor": {
      "PCK@0.05": 0.36781922134494965,
      "PCK@0.10": 0.6321807786550504,
      "PCK@0.15": 0.7564661040021781,
      "PCK@0.20": 0.8155458753062892
    }
  },
  "overall_image": {
    "PCK@0.05": {
      "mean": 0.49754403728930235,
      "std": 0.2874376936700715
    },
    "PCK@0.10": {
      "mean": 0.6595607969440362,
      "std": 0.2815101840990358
    },
    "PCK@0.15": {
      "mean": 0.7309760134049017,
      "std": 0.27113626916793787
    },
    "PCK@0.20": {
      "mean": 0.7757072012743004,
      "std": 0.25806263886253694
    }
  },
  "per_category_image": {
    "aeroplane": {
      "PCK@0.05": 0.6328913067130075,
      "PCK@0.10": 0.7381373674109362,
      "PCK@0.15": 0.8029952856509582,
      "PCK@0.20": 0.8377196474351745
    },
    "bicycle": {
      "PCK@0.05": 0.4343591468723921,
      "PCK@0.10": 0.5938602569699287,
      "PCK@0.15": 0.6610479569664368,
      "PCK@0.20": 0.7032669038955982
    },
    "bird": {
      "PCK@0.05": 0.7140639970912214,
      "PCK@0.10": 0.879010735498874,
      "PCK@0.15": 0.9163670315277203,
      "PCK@0.20": 0.9400383461150009
    },
    "boat": {
      "PCK@0.05": 0.36419244634884373,
      "PCK@0.10": 0.5525488441231584,
      "PCK@0.15": 0.6333333371881067,
      "PCK@0.20": 0.6930719523178546
    },
    "bottle": {
      "PCK@0.05": 0.4081787104493585,
      "PCK@0.10": 0.5627732177746707,
      "PCK@0.15": 0.6376582755953416,
      "PCK@0.20": 0.6826226981463789
    },
    "bus": {
      "PCK@0.05": 0.5706363008675738,
      "PCK@0.10": 0.6991741592469423,
      "PCK@0.15": 0.7409120156944539,
      "PCK@0.20": 0.7649850908967649
    },
    "car": {
      "PCK@0.05": 0.5194595599850864,
      "PCK@0.10": 0.620838487732178,
      "PCK@0.15": 0.6729351146450491,
      "PCK@0.20": 0.7100659921131236
    },
    "cat": {
      "PCK@0.05": 0.7746743639806907,
      "PCK@0.10": 0.8438363758226236,
      "PCK@0.15": 0.8947975757221381,
      "PCK@0.20": 0.9201558462778727
    },
    "chair": {
      "PCK@0.05": 0.35935779184610483,
      "PCK@0.10": 0.4539964061011286,
      "PCK@0.15": 0.5106898332274181,
      "PCK@0.20": 0.549330105860905
    },
    "cow": {
      "PCK@0.05": 0.6428197076194919,
      "PCK@0.10": 0.820212240726687,
      "PCK@0.15": 0.8854181809350848,
      "PCK@0.20": 0.9277118768310174
    },
    "dog": {
      "PCK@0.05": 0.5704015582551559,
      "PCK@0.10": 0.7422819820046425,
      "PCK@0.15": 0.8093307609111071,
      "PCK@0.20": 0.8629800037046274
    },
    "horse": {
      "PCK@0.05": 0.5043734617531299,
      "PCK@0.10": 0.6950381339093049,
      "PCK@0.15": 0.7707626124719779,
      "PCK@0.20": 0.825121492817998
    },
    "motorbike": {
      "PCK@0.05": 0.5106752877816175,
      "PCK@0.10": 0.6653767066803413,
      "PCK@0.15": 0.7404773252939227,
      "PCK@0.20": 0.7783690623493276
    },
    "person": {
      "PCK@0.05": 0.4338266077293799,
      "PCK@0.10": 0.6476545058993193,
      "PCK@0.15": 0.7245464969942202,
      "PCK@0.20": 0.7739331185817718
    },
    "pottedplant": {
      "PCK@0.05": 0.22125410021492334,
      "PCK@0.10": 0.41596140838692747,
      "PCK@0.15": 0.5383189747373632,
      "PCK@0.20": 0.6145379926378378
    },
    "sheep": {
      "PCK@0.05": 0.45933534744678134,
      "PCK@0.10": 0.6369047344000225,
      "PCK@0.15": 0.7066914517297802,
      "PCK@0.20": 0.7589884164731905
    },
    "train": {
      "PCK@0.05": 0.6047827462375006,
      "PCK@0.10": 0.7846279617832609,
      "PCK@0.15": 0.8501613472622854,
      "PCK@0.20": 0.8885954009792792
    },
    "tvmonitor": {
      "PCK@0.05": 0.359498047727467,
      "PCK@0.10": 0.6201311389059689,
      "PCK@0.15": 0.7390221472011308,
      "PCK@0.20": 0.7989769013480127
    }
  }
}