{
  "name": "DINOv3-ViT-B/16",
  "num_pairs": 12234,
  "inference_time_ms": 41.74006530929473,
  "overall_keypoint": {
    "PCK@0.05": {
      "mean": 0.5264242369350602,
      "std": 0.4993012714808563
    },
    "PCK@0.10": {
      "mean": 0.730787519246445,
      "std": 0.4435505844433888
    },
    "PCK@0.15": {
      "mean": 0.8095734082057785,
      "std": 0.392637625466356
    },
    "PCK@0.20": {
      "mean": 0.8544855538447604,
      "std": 0.3526187631357319
    }
  },
  "per_category_keypoint": {
    "aeroplane": {
      "PCK@0.05": 0.5923300617957107,
      "PCK@0.10": 0.7302798982188295,
      "PCK@0.15": 0.8075245365321702,
      "PCK@0.20": 0.8505997818974919
    },
    "bicycle": {
      "PCK@0.05": 0.45913088463528196,
      "PCK@0.10": 0.632953957578893,
      "PCK@0.15": 0.7040869115364718,
      "PCK@0.20": 0.75168132436627
    },
    "bird": {
      "PCK@0.05": 0.6435142594296228,
      "PCK@0.10": 0.8721251149954001,
      "PCK@0.15": 0.9316927322907084,
      "PCK@0.20": 0.9588316467341307
    },
    "boat": {
      "PCK@0.05": 0.3916125221500295,
      "PCK@0.10": 0.5608387477849971,
      "PCK@0.15": 0.6512108682811577,
      "PCK@0.20": 0.7265209686946249
    },
    "bottle": {
      "PCK@0.05": 0.44347555278729367,
      "PCK@0.10": 0.621924634070383,
      "PCK@0.15": 0.7077234506384303,
      "PCK@0.20": 0.7605107443164123
    },
    "bus": {
      "PCK@0.05": 0.5835194283162126,
      "PCK@0.10": 0.7293434569004019,
      "PCK@0.15": 0.7744528807503349,
      "PCK@0.20": 0.7956677087985707
    },
    "car": {
      "PCK@0.05": 0.5528953229398663,
      "PCK@0.10": 0.6951559020044543,
      "PCK@0.15": 0.7413697104677061,
      "PCK@0.20": 0.7719933184855234
    },
    "cat": {
      "PCK@0.05": 0.72378186511778,
      "PCK@0.10": 0.8333333333333334,
      "PCK@0.15": 0.8807679896740884,
      "PCK@0.20": 0.909809616005163
    },
    "chair": {
      "PCK@0.05": 0.3718510405257393,
      "PCK@0.10": 0.4991785323110624,
      "PCK@0.15": 0.5484665936473165,
      "PCK@0.20": 0.5870755750273823
    },
    "cow": {
      "PCK@0.05": 0.5933184023889511,
      "PCK@0.10": 0.8006718924972005,
      "PCK@0.15": 0.8766330720418066,
      "PCK@0.20": 0.9195595371407241
    },
    "dog": {
      "PCK@0.05": 0.5443565181174511,
      "PCK@0.10": 0.7369845897542691,
      "PCK@0.15": 0.8202832153269471,
      "PCK@0.20": 0.8740108288213244
    },
    "horse": {
      "PCK@0.05": 0.4691751700680272,
      "PCK@0.10": 0.7368197278911565,
      "PCK@0.15": 0.8278061224489796,
      "PCK@0.20": 0.8903061224489796
    },
    "motorbike": {
      "PCK@0.05": 0.4973544973544973,
      "PCK@0.10": 0.6893004115226338,
      "PCK@0.15": 0.7686654908877131,
      "PCK@0.20": 0.8171663727219283
    },
    "person": {
      "PCK@0.05": 0.4692737430167598,
      "PCK@0.10": 0.6987895716945997,
      "PCK@0.15": 0.7821229050279329,
      "PCK@0.20": 0.8440409683426443
    },
    "pottedplant": {
      "PCK@0.05": 0.3777679362267493,
      "PCK@0.10": 0.6897697077059345,
      "PCK@0.15": 0.8219663418954827,
      "PCK@0.20": 0.8804251550044287
    },
    "sheep": {
      "PCK@0.05": 0.4144736842105263,
      "PCK@0.10": 0.6586842105263158,
      "PCK@0.15": 0.7555263157894737,
      "PCK@0.20": 0.8231578947368421
    },
    "train": {
      "PCK@0.05": 0.6426096997690531,
      "PCK@0.10": 0.856581986143187,
      "PCK@0.15": 0.9275981524249423,
      "PCK@0.20": 0.9623556581986143
    },
    "tvmonitor": {
      "PCK@0.05": 0.47576912605499594,
      "PCK@0.10": 0.8126871766947998,
      "PCK@0.15": 0.9294854342499319,
      "PCK@0.20": 0.9666485161992922
    }
  },
  "overall_image": {
    "PCK@0.05": {
      "mean": 0.49471067552796877,
      "std": 0.2793031850701368
    },
    "PCK@0.10": {
      "mean": 0.6942151447611004,
      "std": 0.2748517721220615
    },
    "PCK@0.15": {
      "mean": 0.773882815595159,
      "std": 0.25907947521616925
    },
    "PCK@0.20": {
      "mean": 0.8220763268588376,
      "std": 0.24344719839812762
    }
  },
  "per_category_image": {
    "aeroplane": {
      "PCK@0.05": 0.5941985508777957,
      "PCK@0.10": 0.7303647173487622,
      "PCK@0.15": 0.8078660366327867,
      "PCK@0.20": 0.8466171381698139
    },
    "bicycle": {
      "PCK@0.05": 0.4398307305574417,
      "PCK@0.10": 0.6043187984365683,
      "PCK@0.15": 0.6715474022581027,
      "PCK@0.20": 0.7153958306175012
    },
    "bird": {
      "PCK@0.05": 0.6437341887344662,
      "PCK@0.10": 0.8728359198977804,
      "PCK@0.15": 0.934696501370339,
      "PCK@0.20": 0.9609190558011715
    },
    "boat": {
      "PCK@0.05": 0.41680685927470523,
      "PCK@0.10": 0.5820580695429419,
      "PCK@0.15": 0.6652037305200201,
      "PCK@0.20": 0.7365260291048604
    },
    "bottle": {
      "PCK@0.05": 0.4269070452314684,
      "PCK@0.10": 0.6175606653522486,
      "PCK@0.15": 0.7044303068056189,
      "PCK@0.20": 0.758009033641596
    },
    "bus": {
      "PCK@0.05": 0.5456584028274931,
      "PCK@0.10": 0.6721546457883734,
      "PCK@0.15": 0.7133360252432202,
      "PCK@0.20": 0.7343884913123543
    },
    "car": {
      "PCK@0.05": 0.4887063243816085,
      "PCK@0.10": 0.6201267536888098,
      "PCK@0.15": 0.6769002912473594,
      "PCK@0.20": 0.7123616626288028
    },
    "cat": {
      "PCK@0.05": 0.7265601406991482,
      "PCK@0.10": 0.8350017199416956,
      "PCK@0.15": 0.8814731041590372,
      "PCK@0.20": 0.9108310973644257
    },
    "chair": {
      "PCK@0.05": 0.35407994726770803,
      "PCK@0.10": 0.4802146372572741,
      "PCK@0.15": 0.5356777718423321,
      "PCK@0.20": 0.5752524766528938
    },
    "cow": {
      "PCK@0.05": 0.5642286720685661,
      "PCK@0.10": 0.7854178135981783,
      "PCK@0.15": 0.8637796964496374,
      "PCK@0.20": 0.9045486343093216
    },
    "dog": {
      "PCK@0.05": 0.5146748079359531,
      "PCK@0.10": 0.711605935866634,
      "PCK@0.15": 0.8025839241594076,
      "PCK@0.20": 0.8600274423509836
    },
    "horse": {
      "PCK@0.05": 0.4534235326076547,
      "PCK@0.10": 0.7134508562336366,
      "PCK@0.15": 0.806348026394844,
      "PCK@0.20": 0.8741882865627607
    },
    "motorbike": {
      "PCK@0.05": 0.4946332535894848,
      "PCK@0.10": 0.6787302766387958,
      "PCK@0.15": 0.7604186488819598,
      "PCK@0.20": 0.8068636123653491
    },
    "person": {
      "PCK@0.05": 0.45655854611442637,
      "PCK@0.10": 0.6809517204990754,
      "PCK@0.15": 0.7645634154173044,
      "PCK@0.20": 0.8320605793595314
    },
    "pottedplant": {
      "PCK@0.05": 0.35186582029280694,
      "PCK@0.10": 0.6584125180704964,
      "PCK@0.15": 0.7850090255593479,
      "PCK@0.20": 0.8538195611844207
    },
    "sheep": {
      "PCK@0.05": 0.3889752288113337,
      "PCK@0.10": 0.6101420928825096,
      "PCK@0.15": 0.7003268543182009,
      "PCK@0.20": 0.7774875040828104
    },
    "train": {
      "PCK@0.05": 0.6331627353848446,
      "PCK@0.10": 0.8508562531381373,
      "PCK@0.15": 0.9214388073752167,
      "PCK@0.20": 0.9549094722384498
    },
    "tvmonitor": {
      "PCK@0.05": 0.4661394584428713,
      "PCK@0.10": 0.7963801486945221,
      "PCK@0.15": 0.9167802812736159,
      "PCK@0.20": 0.9585990071985763
    }
  }
}