{
  "name": "DINOv3-ViT-B/16",
  "num_pairs": 12234,
  "inference_time_ms": 41.04291554738323,
  "overall_keypoint": {
    "PCK@0.05": {
      "mean": 0.290632641970836,
      "std": 0.45405430225016896
    },
    "PCK@0.10": {
      "mean": 0.4779118739244634,
      "std": 0.4995118764218436
    },
    "PCK@0.15": {
      "mean": 0.57641970835975,
      "std": 0.494125518642997
    },
    "PCK@0.20": {
      "mean": 0.6413934426229508,
      "std": 0.4795913827241168
    }
  },
  "per_category_keypoint": {
    "aeroplane": {
      "PCK@0.05": 0.31970192657215557,
      "PCK@0.10": 0.4767357324609233,
      "PCK@0.15": 0.559069429298437,
      "PCK@0.20": 0.6099600145401672
    },
    "bicycle": {
      "PCK@0.05": 0.24650801862390068,
      "PCK@0.10": 0.42860838075530266,
      "PCK@0.15": 0.520951888256596,
      "PCK@0.20": 0.5954474909467149
    },
    "bird": {
      "PCK@0.05": 0.41582336706531736,
      "PCK@0.10": 0.6508739650413984,
      "PCK@0.15": 0.7571297148114076,
      "PCK@0.20": 0.8132474701011959
    },
    "boat": {
      "PCK@0.05": 0.12669816893089192,
      "PCK@0.10": 0.2492616656822209,
      "PCK@0.15": 0.338452451269935,
      "PCK@0.20": 0.4043118724158299
    },
    "bottle": {
      "PCK@0.05": 0.2514792899408284,
      "PCK@0.10": 0.4059483027094363,
      "PCK@0.15": 0.4912799750856431,
      "PCK@0.20": 0.5554344440984117
    },
    "bus": {
      "PCK@0.05": 0.3008039303260384,
      "PCK@0.10": 0.4577936578829835,
      "PCK@0.15": 0.5250111656989728,
      "PCK@0.20": 0.5698972755694507
    },
    "car": {
      "PCK@0.05": 0.28702672605790647,
      "PCK@0.10": 0.45183741648106907,
      "PCK@0.15": 0.5247772828507795,
      "PCK@0.20": 0.5771158129175946
    },
    "cat": {
      "PCK@0.05": 0.5022587931590836,
      "PCK@0.10": 0.6590835753468861,
      "PCK@0.15": 0.7302355598580187,
      "PCK@0.20": 0.7823491448854469
    },
    "chair": {
      "PCK@0.05": 0.16319824753559695,
      "PCK@0.10": 0.2836801752464403,
      "PCK@0.15": 0.3669222343921139,
      "PCK@0.20": 0.42332968236582696
    },
    "cow": {
      "PCK@0.05": 0.3896976483762598,
      "PCK@0.10": 0.6153415453527435,
      "PCK@0.15": 0.7054871220604704,
      "PCK@0.20": 0.7683837252706234
    },
    "dog": {
      "PCK@0.05": 0.3027905039566847,
      "PCK@0.10": 0.5081216159933362,
      "PCK@0.15": 0.5995418575593503,
      "PCK@0.20": 0.6643065389421074
    },
    "horse": {
      "PCK@0.05": 0.24766156462585034,
      "PCK@0.10": 0.46003401360544216,
      "PCK@0.15": 0.5748299319727891,
      "PCK@0.20": 0.6424319727891157
    },
    "motorbike": {
      "PCK@0.05": 0.23221634332745444,
      "PCK@0.10": 0.4182833627278072,
      "PCK@0.15": 0.5329218106995884,
      "PCK@0.20": 0.6072898295120517
    },
    "person": {
      "PCK@0.05": 0.3026070763500931,
      "PCK@0.10": 0.5307262569832403,
      "PCK@0.15": 0.6338454376163873,
      "PCK@0.20": 0.7048417132216015
    },
    "pottedplant": {
      "PCK@0.05": 0.18356953055801595,
      "PCK@0.10": 0.3757750221434898,
      "PCK@0.15": 0.50022143489814,
      "PCK@0.20": 0.5763950398582817
    },
    "sheep": {
      "PCK@0.05": 0.23842105263157895,
      "PCK@0.10": 0.4518421052631579,
      "PCK@0.15": 0.5765789473684211,
      "PCK@0.20": 0.6597368421052632
    },
    "train": {
      "PCK@0.05": 0.32090069284064665,
      "PCK@0.10": 0.5170900692840646,
      "PCK@0.15": 0.6286374133949192,
      "PCK@0.20": 0.703810623556582
    },
    "tvmonitor": {
      "PCK@0.05": 0.232643615573101,
      "PCK@0.10": 0.45766403484889734,
      "PCK@0.15": 0.5902531990198747,
      "PCK@0.20": 0.663626463381432
    }
  },
  "overall_image": {
    "PCK@0.05": {
      "mean": 0.25338298901738937,
      "std": 0.2402133636066294
    },
    "PCK@0.10": {
      "mean": 0.42662658732526343,
      "std": 0.2957031033506188
    },
    "PCK@0.15": {
      "mean": 0.522463076484102,
      "std": 0.3098275191946728
    },
    "PCK@0.20": {
      "mean": 0.5856349779232345,
      "std": 0.31375677113081263
    }
  },
  "per_category_image": {
    "aeroplane": {
      "PCK@0.05": 0.3018487527642561,
      "PCK@0.10": 0.45530135013918943,
      "PCK@0.15": 0.5366285752451074,
      "PCK@0.20": 0.5876381318206373
    },
    "bicycle": {
      "PCK@0.05": 0.22234682366251945,
      "PCK@0.10": 0.39496454104781153,
      "PCK@0.15": 0.48265729303543387,
      "PCK@0.20": 0.5563663059702286
    },
    "bird": {
      "PCK@0.05": 0.40927890828277314,
      "PCK@0.10": 0.6355626403945803,
      "PCK@0.15": 0.7432308258366721,
      "PCK@0.20": 0.7983350944824708
    },
    "boat": {
      "PCK@0.05": 0.11027110875332118,
      "PCK@0.10": 0.21549484694105947,
      "PCK@0.15": 0.2894213840344183,
      "PCK@0.20": 0.3443862237036228
    },
    "bottle": {
      "PCK@0.05": 0.23437329205288285,
      "PCK@0.10": 0.38718619120532066,
      "PCK@0.15": 0.4771433160137171,
      "PCK@0.20": 0.5405902230705338
    },
    "bus": {
      "PCK@0.05": 0.22673593757685667,
      "PCK@0.10": 0.3481714409538863,
      "PCK@0.15": 0.40228878375813826,
      "PCK@0.20": 0.44231686783919794
    },
    "car": {
      "PCK@0.05": 0.20057198574357,
      "PCK@0.10": 0.3239836289501148,
      "PCK@0.15": 0.3947511934906456,
      "PCK@0.20": 0.44611599166870963
    },
    "cat": {
      "PCK@0.05": 0.5036899103100101,
      "PCK@0.10": 0.6595650814970334,
      "PCK@0.15": 0.7312802634884914,
      "PCK@0.20": 0.7844722412526608
    },
    "chair": {
      "PCK@0.05": 0.14551284883874857,
      "PCK@0.10": 0.2582396316131571,
      "PCK@0.15": 0.3394494528879322,
      "PCK@0.20": 0.3937724267735201
    },
    "cow": {
      "PCK@0.05": 0.33647267856867985,
      "PCK@0.10": 0.5587837359169499,
      "PCK@0.15": 0.6559389955131337,
      "PCK@0.20": 0.7210882877232507
    },
    "dog": {
      "PCK@0.05": 0.2855644493922591,
      "PCK@0.10": 0.48787837389856575,
      "PCK@0.15": 0.5855351748441656,
      "PCK@0.20": 0.6547447280958295
    },
    "horse": {
      "PCK@0.05": 0.23537042980392775,
      "PCK@0.10": 0.44251827503244084,
      "PCK@0.15": 0.5537422324592869,
      "PCK@0.20": 0.6206431182970603
    },
    "motorbike": {
      "PCK@0.05": 0.219637773039504,
      "PCK@0.10": 0.4051140784750297,
      "PCK@0.15": 0.5175711174636145,
      "PCK@0.20": 0.5926327323302244
    },
    "person": {
      "PCK@0.05": 0.2845838905412417,
      "PCK@0.10": 0.49542700639137854,
      "PCK@0.15": 0.5952801660849498,
      "PCK@0.20": 0.6683160524528761
    },
    "pottedplant": {
      "PCK@0.05": 0.16384653834379742,
      "PCK@0.10": 0.3419921409053482,
      "PCK@0.15": 0.46217637535037687,
      "PCK@0.20": 0.5330921120578618
    },
    "sheep": {
      "PCK@0.05": 0.21514754078676362,
      "PCK@0.10": 0.4125138637890299,
      "PCK@0.15": 0.5345052170107164,
      "PCK@0.20": 0.6047407621517777
    },
    "train": {
      "PCK@0.05": 0.2993311911683392,
      "PCK@0.10": 0.4890859833371545,
      "PCK@0.15": 0.6014612368726856,
      "PCK@0.20": 0.6769641284293756
    },
    "tvmonitor": {
      "PCK@0.05": 0.2104696467131204,
      "PCK@0.10": 0.41029879475561526,
      "PCK@0.15": 0.529426301845667,
      "PCK@0.20": 0.5975480694754448
    }
  }
}