{
  "name": "DINOv2-ViT-B/14",
  "num_pairs": 12234,
  "inference_time_ms": 62.109513027090756,
  "overall_keypoint": {
    "PCK@0.05": {
      "mean": 0.35754234217915043,
      "std": 0.4792763458884632
    },
    "PCK@0.10": {
      "mean": 0.5334208857893307,
      "std": 0.49888179400841687
    },
    "PCK@0.15": {
      "mean": 0.6289625033964314,
      "std": 0.48308246989279735
    },
    "PCK@0.20": {
      "mean": 0.6941739878634182,
      "std": 0.4607564024918342
    }
  },
  "per_category_keypoint": {
    "aeroplane": {
      "PCK@0.05": 0.5339876408578699,
      "PCK@0.10": 0.687749909123955,
      "PCK@0.15": 0.7713558705925118,
      "PCK@0.20": 0.8158851326790258
    },
    "bicycle": {
      "PCK@0.05": 0.384117951370926,
      "PCK@0.10": 0.5977754785307812,
      "PCK@0.15": 0.6787377133988619,
      "PCK@0.20": 0.7366787377133989
    },
    "bird": {
      "PCK@0.05": 0.6113155473781049,
      "PCK@0.10": 0.8316467341306347,
      "PCK@0.15": 0.9038638454461821,
      "PCK@0.20": 0.9480220791168353
    },
    "boat": {
      "PCK@0.05": 0.20112226816302423,
      "PCK@0.10": 0.34347312463083285,
      "PCK@0.15": 0.43916125221500296,
      "PCK@0.20": 0.5138806851742469
    },
    "bottle": {
      "PCK@0.05": 0.24680784802242292,
      "PCK@0.10": 0.42447835565244474,
      "PCK@0.15": 0.538305823730925,
      "PCK@0.20": 0.6223917782622236
    },
    "bus": {
      "PCK@0.05": 0.3615453327378294,
      "PCK@0.10": 0.5073693613220187,
      "PCK@0.15": 0.5732469852612774,
      "PCK@0.20": 0.6158999553372041
    },
    "car": {
      "PCK@0.05": 0.33101336302895323,
      "PCK@0.10": 0.4766146993318486,
      "PCK@0.15": 0.5489977728285078,
      "PCK@0.20": 0.6060690423162584
    },
    "cat": {
      "PCK@0.05": 0.585027428202646,
      "PCK@0.10": 0.6871571474669248,
      "PCK@0.15": 0.7747660535656663,
      "PCK@0.20": 0.8230074217489513
    },
    "chair": {
      "PCK@0.05": 0.22070098576122674,
      "PCK@0.10": 0.3589813800657174,
      "PCK@0.15": 0.4411281489594743,
      "PCK@0.20": 0.5076670317634173
    },
    "cow": {
      "PCK@0.05": 0.47219111608809256,
      "PCK@0.10": 0.6774916013437849,
      "PCK@0.15": 0.7676371780515118,
      "PCK@0.20": 0.8271743187756626
    },
    "dog": {
      "PCK@0.05": 0.411911703456893,
      "PCK@0.10": 0.6087047063723449,
      "PCK@0.15": 0.7084548104956269,
      "PCK@0.20": 0.7715535193669304
    },
    "horse": {
      "PCK@0.05": 0.3949829931972789,
      "PCK@0.10": 0.6267006802721088,
      "PCK@0.15": 0.7395833333333334,
      "PCK@0.20": 0.8088860544217688
    },
    "motorbike": {
      "PCK@0.05": 0.3768371546149324,
      "PCK@0.10": 0.5702527924750147,
      "PCK@0.15": 0.6857730746619636,
      "PCK@0.20": 0.7489711934156379
    },
    "person": {
      "PCK@0.05": 0.4292364990689013,
      "PCK@0.10": 0.6333798882681564,
      "PCK@0.15": 0.7255586592178771,
      "PCK@0.20": 0.7809590316573557
    },
    "pottedplant": {
      "PCK@0.05": 0.12068201948627104,
      "PCK@0.10": 0.2810008857395926,
      "PCK@0.15": 0.3983613817537644,
      "PCK@0.20": 0.49313551815766166
    },
    "sheep": {
      "PCK@0.05": 0.3444736842105263,
      "PCK@0.10": 0.5681578947368421,
      "PCK@0.15": 0.6734210526315789,
      "PCK@0.20": 0.7447368421052631
    },
    "train": {
      "PCK@0.05": 0.30912240184757506,
      "PCK@0.10": 0.5123556581986143,
      "PCK@0.15": 0.6287528868360277,
      "PCK@0.20": 0.7166281755196305
    },
    "tvmonitor": {
      "PCK@0.05": 0.13218077865505037,
      "PCK@0.10": 0.26340865777293765,
      "PCK@0.15": 0.3558399128777566,
      "PCK@0.20": 0.42485706506942555
    }
  },
  "overall_image": {
    "PCK@0.05": {
      "mean": 0.3346609282408574,
      "std": 0.27137052587481886
    },
    "PCK@0.10": {
      "mean": 0.5074797466187787,
      "std": 0.30094555581916344
    },
    "PCK@0.15": {
      "mean": 0.6020150246329755,
      "std": 0.3043444471330486
    },
    "PCK@0.20": {
      "mean": 0.6674608453847584,
      "std": 0.29874238683433924
    }
  },
  "per_category_image": {
    "aeroplane": {
      "PCK@0.05": 0.5228405240437258,
      "PCK@0.10": 0.6774193865341552,
      "PCK@0.15": 0.7633334436170433,
      "PCK@0.20": 0.8081494587811007
    },
    "bicycle": {
      "PCK@0.05": 0.3583033684010689,
      "PCK@0.10": 0.5649613777490763,
      "PCK@0.15": 0.6461101164496862,
      "PCK@0.20": 0.6990392417632616
    },
    "bird": {
      "PCK@0.05": 0.6143243903575459,
      "PCK@0.10": 0.8354017859977535,
      "PCK@0.15": 0.9066084223000752,
      "PCK@0.20": 0.9500736968639569
    },
    "boat": {
      "PCK@0.05": 0.21203816937882336,
      "PCK@0.10": 0.34243770945615576,
      "PCK@0.15": 0.4341173781204088,
      "PCK@0.20": 0.5054685066631887
    },
    "bottle": {
      "PCK@0.05": 0.2400579305644008,
      "PCK@0.10": 0.4196437730785759,
      "PCK@0.15": 0.5386590072307094,
      "PCK@0.20": 0.6228525845312524
    },
    "bus": {
      "PCK@0.05": 0.29970900085031615,
      "PCK@0.10": 0.42016441059177334,
      "PCK@0.15": 0.4803223277656188,
      "PCK@0.20": 0.5212570385463675
    },
    "car": {
      "PCK@0.05": 0.26428874161966304,
      "PCK@0.10": 0.38937178333389,
      "PCK@0.15": 0.4680485932011131,
      "PCK@0.20": 0.5312515273690224
    },
    "cat": {
      "PCK@0.05": 0.5874460010230541,
      "PCK@0.10": 0.6898359484349688,
      "PCK@0.15": 0.7789550080150366,
      "PCK@0.20": 0.8280925739308198
    },
    "chair": {
      "PCK@0.05": 0.2110720242347695,
      "PCK@0.10": 0.35207136028414543,
      "PCK@0.15": 0.4272370490911575,
      "PCK@0.20": 0.4911004739464621
    },
    "cow": {
      "PCK@0.05": 0.4443392622517422,
      "PCK@0.10": 0.6648711442481726,
      "PCK@0.15": 0.7596042681485414,
      "PCK@0.20": 0.8219534917268903
    },
    "dog": {
      "PCK@0.05": 0.3925370297208428,
      "PCK@0.10": 0.5958249646921953,
      "PCK@0.15": 0.6984308614581823,
      "PCK@0.20": 0.7655124459415674
    },
    "horse": {
      "PCK@0.05": 0.37797475326806307,
      "PCK@0.10": 0.6043327617893617,
      "PCK@0.15": 0.7201077403873205,
      "PCK@0.20": 0.7887682034820318
    },
    "motorbike": {
      "PCK@0.05": 0.3622201925456694,
      "PCK@0.10": 0.5484115731852007,
      "PCK@0.15": 0.6610201060602129,
      "PCK@0.20": 0.7251413238906114
    },
    "person": {
      "PCK@0.05": 0.40265463263942647,
      "PCK@0.10": 0.5989437806491669,
      "PCK@0.15": 0.6883273277145165,
      "PCK@0.20": 0.7503643235449607
    },
    "pottedplant": {
      "PCK@0.05": 0.11991170569908591,
      "PCK@0.10": 0.27023349505289523,
      "PCK@0.15": 0.37981853253810977,
      "PCK@0.20": 0.47804202536972384
    },
    "sheep": {
      "PCK@0.05": 0.3175283237416522,
      "PCK@0.10": 0.5315734557021993,
      "PCK@0.15": 0.6343746893781136,
      "PCK@0.20": 0.7002783748040716
    },
    "train": {
      "PCK@0.05": 0.29273865419247797,
      "PCK@0.10": 0.49892358213820787,
      "PCK@0.15": 0.6184104846780578,
      "PCK@0.20": 0.7102486653322423
    },
    "tvmonitor": {
      "PCK@0.05": 0.1192698693172091,
      "PCK@0.10": 0.24190098273357905,
      "PCK@0.15": 0.32805884655328155,
      "PCK@0.20": 0.39192691728515777
    }
  }
}