{
  "name": "DINOv2-ViT-B/14",
  "num_pairs": 12234,
  "inference_time_ms": 60.19928080399909,
  "overall_keypoint": {
    "PCK@0.05": {
      "mean": 0.3503192645593696,
      "std": 0.4770698873728586
    },
    "PCK@0.10": {
      "mean": 0.5278733810343266,
      "std": 0.49922247007693393
    },
    "PCK@0.15": {
      "mean": 0.6252377502037859,
      "std": 0.48406146915850895
    },
    "PCK@0.20": {
      "mean": 0.6920908432207228,
      "std": 0.46162875555011923
    }
  },
  "per_category_keypoint": {
    "aeroplane": {
      "PCK@0.05": 0.5305343511450382,
      "PCK@0.10": 0.6855688840421665,
      "PCK@0.15": 0.7697201017811705,
      "PCK@0.20": 0.8147946201381316
    },
    "bicycle": {
      "PCK@0.05": 0.36575271598551473,
      "PCK@0.10": 0.5887221934816348,
      "PCK@0.15": 0.6730470770822555,
      "PCK@0.20": 0.7335747542679772
    },
    "bird": {
      "PCK@0.05": 0.5924563017479301,
      "PCK@0.10": 0.8229070837166513,
      "PCK@0.15": 0.9013339466421343,
      "PCK@0.20": 0.9461821527138914
    },
    "boat": {
      "PCK@0.05": 0.19787359716479622,
      "PCK@0.10": 0.3464264619019492,
      "PCK@0.15": 0.4356172474896633,
      "PCK@0.20": 0.512994683992912
    },
    "bottle": {
      "PCK@0.05": 0.2418249766427904,
      "PCK@0.10": 0.4204297726564933,
      "PCK@0.15": 0.5362815322329493,
      "PCK@0.20": 0.6189660541887263
    },
    "bus": {
      "PCK@0.05": 0.3508262617239839,
      "PCK@0.10": 0.5,
      "PCK@0.15": 0.5712371594461814,
      "PCK@0.20": 0.613666815542653
    },
    "car": {
      "PCK@0.05": 0.32683741648106907,
      "PCK@0.10": 0.47410913140311806,
      "PCK@0.15": 0.5478841870824054,
      "PCK@0.20": 0.6041202672605791
    },
    "cat": {
      "PCK@0.05": 0.5782510487253952,
      "PCK@0.10": 0.6828009035172636,
      "PCK@0.15": 0.7697644401419813,
      "PCK@0.20": 0.8236527912229752
    },
    "chair": {
      "PCK@0.05": 0.2209748083242059,
      "PCK@0.10": 0.3603504928806134,
      "PCK@0.15": 0.4403066812705367,
      "PCK@0.20": 0.5065717415115005
    },
    "cow": {
      "PCK@0.05": 0.4486748786860769,
      "PCK@0.10": 0.6694662187383352,
      "PCK@0.15": 0.7612915266890631,
      "PCK@0.20": 0.8230683090705487
    },
    "dog": {
      "PCK@0.05": 0.4008746355685131,
      "PCK@0.10": 0.6018325697625989,
      "PCK@0.15": 0.7055393586005831,
      "PCK@0.20": 0.7694710537276135
    },
    "horse": {
      "PCK@0.05": 0.38371598639455784,
      "PCK@0.10": 0.6179846938775511,
      "PCK@0.15": 0.7334183673469388,
      "PCK@0.20": 0.8080357142857143
    },
    "motorbike": {
      "PCK@0.05": 0.3689006466784245,
      "PCK@0.10": 0.5620223398001176,
      "PCK@0.15": 0.681657848324515,
      "PCK@0.20": 0.7483833039388595
    },
    "person": {
      "PCK@0.05": 0.4227188081936685,
      "PCK@0.10": 0.6268621973929237,
      "PCK@0.15": 0.7241620111731844,
      "PCK@0.20": 0.7802607076350093
    },
    "pottedplant": {
      "PCK@0.05": 0.12267493356953056,
      "PCK@0.10": 0.2741364038972542,
      "PCK@0.15": 0.3934898139946856,
      "PCK@0.20": 0.48826395039858284
    },
    "sheep": {
      "PCK@0.05": 0.3455263157894737,
      "PCK@0.10": 0.555,
      "PCK@0.15": 0.6686842105263158,
      "PCK@0.20": 0.7392105263157894
    },
    "train": {
      "PCK@0.05": 0.3041570438799076,
      "PCK@0.10": 0.5076212471131639,
      "PCK@0.15": 0.6226327944572748,
      "PCK@0.20": 0.7148960739030024
    },
    "tvmonitor": {
      "PCK@0.05": 0.13190852164443234,
      "PCK@0.10": 0.2593248026136673,
      "PCK@0.15": 0.3524367002450313,
      "PCK@0.20": 0.4225428804791723
    }
  },
  "overall_image": {
    "PCK@0.05": {
      "mean": 0.3281776412769736,
      "std": 0.26883169209975544
    },
    "PCK@0.10": {
      "mean": 0.5021454381762727,
      "std": 0.29972807839805354
    },
    "PCK@0.15": {
      "mean": 0.5983295797673203,
      "std": 0.3044552265556321
    },
    "PCK@0.20": {
      "mean": 0.665346488531375,
      "std": 0.2990140002543666
    }
  },
  "per_category_image": {
    "aeroplane": {
      "PCK@0.05": 0.5197150351128716,
      "PCK@0.10": 0.6749827572724958,
      "PCK@0.15": 0.7615181226985178,
      "PCK@0.20": 0.8072105927635794
    },
    "bicycle": {
      "PCK@0.05": 0.34288256691052366,
      "PCK@0.10": 0.5566163893617116,
      "PCK@0.15": 0.6405606104318913,
      "PCK@0.20": 0.6960850294278218
    },
    "bird": {
      "PCK@0.05": 0.5922074481802448,
      "PCK@0.10": 0.8251707622001314,
      "PCK@0.15": 0.9040889254110491,
      "PCK@0.20": 0.947901897493251
    },
    "boat": {
      "PCK@0.05": 0.20881099534085673,
      "PCK@0.10": 0.3459633505369863,
      "PCK@0.15": 0.43057251753460646,
      "PCK@0.20": 0.5049207518858957
    },
    "bottle": {
      "PCK@0.05": 0.23638889182401798,
      "PCK@0.10": 0.41531199057554374,
      "PCK@0.15": 0.5367036159011139,
      "PCK@0.20": 0.6196424038673954
    },
    "bus": {
      "PCK@0.05": 0.29407161569095547,
      "PCK@0.10": 0.41342138657519906,
      "PCK@0.15": 0.4783443067199695,
      "PCK@0.20": 0.5190679226764796
    },
    "car": {
      "PCK@0.05": 0.2599414117924922,
      "PCK@0.10": 0.3865080394696259,
      "PCK@0.15": 0.46631763119858205,
      "PCK@0.20": 0.5296127997497295
    },
    "cat": {
      "PCK@0.05": 0.5806596670920651,
      "PCK@0.10": 0.6855059454217554,
      "PCK@0.15": 0.7739966193586588,
      "PCK@0.20": 0.8288114292919636
    },
    "chair": {
      "PCK@0.05": 0.21624734013949753,
      "PCK@0.10": 0.35354440573937385,
      "PCK@0.15": 0.42658775426654993,
      "PCK@0.20": 0.4895450590472472
    },
    "cow": {
      "PCK@0.05": 0.4228373881196603,
      "PCK@0.10": 0.6567681362619624,
      "PCK@0.15": 0.7535914313280955,
      "PCK@0.20": 0.8179890534607693
    },
    "dog": {
      "PCK@0.05": 0.38096109114587307,
      "PCK@0.10": 0.589017785564065,
      "PCK@0.15": 0.6955564025789499,
      "PCK@0.20": 0.7629714408516883
    },
    "horse": {
      "PCK@0.05": 0.3668606818591555,
      "PCK@0.10": 0.5951294189691544,
      "PCK@0.15": 0.7133458170543114,
      "PCK@0.20": 0.7879064125567674
    },
    "motorbike": {
      "PCK@0.05": 0.35340015460707863,
      "PCK@0.10": 0.5400211470376732,
      "PCK@0.15": 0.6563096415792775,
      "PCK@0.20": 0.7243341063799342
    },
    "person": {
      "PCK@0.05": 0.3975613201123018,
      "PCK@0.10": 0.5932093313221748,
      "PCK@0.15": 0.6874110047404582,
      "PCK@0.20": 0.749524274709133
    },
    "pottedplant": {
      "PCK@0.05": 0.12018699752136615,
      "PCK@0.10": 0.2652653514682002,
      "PCK@0.15": 0.3749157592930816,
      "PCK@0.20": 0.47264299036939295
    },
    "sheep": {
      "PCK@0.05": 0.3179338523916092,
      "PCK@0.10": 0.5214624155245452,
      "PCK@0.15": 0.6285645122673497,
      "PCK@0.20": 0.6957504912223442
    },
    "train": {
      "PCK@0.05": 0.2887677592102182,
      "PCK@0.10": 0.4941120248721548,
      "PCK@0.15": 0.6122448025911889,
      "PCK@0.20": 0.7087291953444639
    },
    "tvmonitor": {
      "PCK@0.05": 0.1193147746555378,
      "PCK@0.10": 0.23752093546609312,
      "PCK@0.15": 0.32466690684803307,
      "PCK@0.20": 0.3902091926254461
    }
  }
}