{
  "name": "DINOv3-ViT-B/16",
  "num_pairs": 12234,
  "inference_time_ms": 44.59185660304402,
  "overall_keypoint": {
    "PCK@0.05": {
      "mean": 0.5382324970564261,
      "std": 0.4985361332630067
    },
    "PCK@0.10": {
      "mean": 0.7385087401503487,
      "std": 0.4394469033590901
    },
    "PCK@0.15": {
      "mean": 0.8164455212390183,
      "std": 0.3871204361536163
    },
    "PCK@0.20": {
      "mean": 0.8580178425867222,
      "std": 0.34903183864734894
    }
  },
  "per_category_keypoint": {
    "aeroplane": {
      "PCK@0.05": 0.6005089058524173,
      "PCK@0.10": 0.7362777171937477,
      "PCK@0.15": 0.8091603053435115,
      "PCK@0.20": 0.851145038167939
    },
    "bicycle": {
      "PCK@0.05": 0.4661148473874806,
      "PCK@0.10": 0.6482152095188826,
      "PCK@0.15": 0.7157268494568029,
      "PCK@0.20": 0.7578892912571132
    },
    "bird": {
      "PCK@0.05": 0.6787028518859246,
      "PCK@0.10": 0.8739650413983441,
      "PCK@0.15": 0.9344526218951242,
      "PCK@0.20": 0.9606715731370745
    },
    "boat": {
      "PCK@0.05": 0.38600118133490846,
      "PCK@0.10": 0.5667454223272298,
      "PCK@0.15": 0.6639102185469581,
      "PCK@0.20": 0.7294743059657413
    },
    "bottle": {
      "PCK@0.05": 0.446589847399564,
      "PCK@0.10": 0.6272189349112426,
      "PCK@0.15": 0.7127063220180629,
      "PCK@0.20": 0.7640921831205232
    },
    "bus": {
      "PCK@0.05": 0.5897722197409558,
      "PCK@0.10": 0.7360428762840554,
      "PCK@0.15": 0.7753461366681554,
      "PCK@0.20": 0.7963376507369362
    },
    "car": {
      "PCK@0.05": 0.5620824053452116,
      "PCK@0.10": 0.7032293986636972,
      "PCK@0.15": 0.744988864142539,
      "PCK@0.20": 0.7742204899777283
    },
    "cat": {
      "PCK@0.05": 0.7412068409164246,
      "PCK@0.10": 0.8401097128105841,
      "PCK@0.15": 0.8873830267828332,
      "PCK@0.20": 0.9130364633752823
    },
    "chair": {
      "PCK@0.05": 0.36883899233296824,
      "PCK@0.10": 0.49671412924424974,
      "PCK@0.15": 0.5555859802847755,
      "PCK@0.20": 0.5933734939759037
    },
    "cow": {
      "PCK@0.05": 0.6248600223964166,
      "PCK@0.10": 0.8124300111982082,
      "PCK@0.15": 0.8861515490854797,
      "PCK@0.20": 0.9245987308697275
    },
    "dog": {
      "PCK@0.05": 0.5601832569762599,
      "PCK@0.10": 0.7540608079966681,
      "PCK@0.15": 0.8252811328613078,
      "PCK@0.20": 0.8794252394835486
    },
    "horse": {
      "PCK@0.05": 0.4893707482993197,
      "PCK@0.10": 0.7457482993197279,
      "PCK@0.15": 0.8454506802721088,
      "PCK@0.20": 0.8896683673469388
    },
    "motorbike": {
      "PCK@0.05": 0.4985302763080541,
      "PCK@0.10": 0.694591416813639,
      "PCK@0.15": 0.7724867724867724,
      "PCK@0.20": 0.8212815990593768
    },
    "person": {
      "PCK@0.05": 0.4767225325884544,
      "PCK@0.10": 0.7113594040968343,
      "PCK@0.15": 0.7909683426443203,
      "PCK@0.20": 0.8503258845437617
    },
    "pottedplant": {
      "PCK@0.05": 0.3653675819309123,
      "PCK@0.10": 0.6857838795394154,
      "PCK@0.15": 0.83325952170062,
      "PCK@0.20": 0.8872896368467671
    },
    "sheep": {
      "PCK@0.05": 0.4344736842105263,
      "PCK@0.10": 0.6676315789473685,
      "PCK@0.15": 0.7684210526315789,
      "PCK@0.20": 0.8326315789473684
    },
    "train": {
      "PCK@0.05": 0.6662817551963048,
      "PCK@0.10": 0.8660508083140878,
      "PCK@0.15": 0.9315242494226328,
      "PCK@0.20": 0.9647806004618937
    },
    "tvmonitor": {
      "PCK@0.05": 0.48366457936291857,
      "PCK@0.10": 0.8234413286142118,
      "PCK@0.15": 0.9347944459569834,
      "PCK@0.20": 0.9681459297576913
    }
  },
  "overall_image": {
    "PCK@0.05": {
      "mean": 0.5038267671873128,
      "std": 0.2833553012367128
    },
    "PCK@0.10": {
      "mean": 0.7020828210381349,
      "std": 0.274851255384419
    },
    "PCK@0.15": {
      "mean": 0.7808002750575787,
      "std": 0.25682444719461023
    },
    "PCK@0.20": {
      "mean": 0.8257114783621251,
      "std": 0.24238623771932422
    }
  },
  "per_category_image": {
    "aeroplane": {
      "PCK@0.05": 0.6066361585712952,
      "PCK@0.10": 0.7367570889816768,
      "PCK@0.15": 0.8093473288891972,
      "PCK@0.20": 0.8468260595763939
    },
    "bicycle": {
      "PCK@0.05": 0.44332051897278196,
      "PCK@0.10": 0.6182750640924161,
      "PCK@0.15": 0.6815152118297724,
      "PCK@0.20": 0.7211040111459218
    },
    "bird": {
      "PCK@0.05": 0.6760685680980696,
      "PCK@0.10": 0.871764152095868,
      "PCK@0.15": 0.9367665507727199,
      "PCK@0.20": 0.9627676030084957
    },
    "boat": {
      "PCK@0.05": 0.4112055164541614,
      "PCK@0.10": 0.5877532488812408,
      "PCK@0.15": 0.6768196351677603,
      "PCK@0.20": 0.739536136282645
    },
    "bottle": {
      "PCK@0.05": 0.42630998277287374,
      "PCK@0.10": 0.6231107474229801,
      "PCK@0.15": 0.7082977580441826,
      "PCK@0.20": 0.7617109129312395
    },
    "bus": {
      "PCK@0.05": 0.5487623905635769,
      "PCK@0.10": 0.6782123562388168,
      "PCK@0.15": 0.7143371804900791,
      "PCK@0.20": 0.7350046798262907
    },
    "car": {
      "PCK@0.05": 0.49236265147197333,
      "PCK@0.10": 0.6346108558462232,
      "PCK@0.15": 0.6795706113285207,
      "PCK@0.20": 0.7158663139698354
    },
    "cat": {
      "PCK@0.05": 0.7434173752988378,
      "PCK@0.10": 0.8419625739256541,
      "PCK@0.15": 0.8878890398144722,
      "PCK@0.20": 0.914204552769661
    },
    "chair": {
      "PCK@0.05": 0.34298793449075227,
      "PCK@0.10": 0.47655966641502484,
      "PCK@0.15": 0.5437825925809681,
      "PCK@0.20": 0.5813436847260862
    },
    "cow": {
      "PCK@0.05": 0.6028120240313001,
      "PCK@0.10": 0.7962604818865657,
      "PCK@0.15": 0.8730205102358013,
      "PCK@0.20": 0.9103982642292976
    },
    "dog": {
      "PCK@0.05": 0.5291862319782377,
      "PCK@0.10": 0.7291071749975284,
      "PCK@0.15": 0.809087291136384,
      "PCK@0.20": 0.8662083583325147
    },
    "horse": {
      "PCK@0.05": 0.47437511283904316,
      "PCK@0.10": 0.7235030404975017,
      "PCK@0.15": 0.8236282276113828,
      "PCK@0.20": 0.8729455617566904
    },
    "motorbike": {
      "PCK@0.05": 0.49715665596248076,
      "PCK@0.10": 0.6847601005664239,
      "PCK@0.15": 0.764553659789243,
      "PCK@0.20": 0.8112343444868371
    },
    "person": {
      "PCK@0.05": 0.4623323792563035,
      "PCK@0.10": 0.6934105948301462,
      "PCK@0.15": 0.7745597138313147,
      "PCK@0.20": 0.8374635651707649
    },
    "pottedplant": {
      "PCK@0.05": 0.3372334588898169,
      "PCK@0.10": 0.659289953309671,
      "PCK@0.15": 0.7974450359868616,
      "PCK@0.20": 0.8596706642421381
    },
    "sheep": {
      "PCK@0.05": 0.4105037755433874,
      "PCK@0.10": 0.6192080102277449,
      "PCK@0.15": 0.7086101670536291,
      "PCK@0.20": 0.7832098915858801
    },
    "train": {
      "PCK@0.05": 0.6565617353078865,
      "PCK@0.10": 0.8631731157225592,
      "PCK@0.15": 0.9259668834625728,
      "PCK@0.20": 0.9579136403149398
    },
    "tvmonitor": {
      "PCK@0.05": 0.47271705657846663,
      "PCK@0.10": 0.8092714824170046,
      "PCK@0.15": 0.9221139651416355,
      "PCK@0.20": 0.9604093797634102
    }
  }
}