{
  "name": "SAM-ViT-B",
  "num_pairs": 12234,
  "inference_time_ms": 239.47474093964934,
  "overall_keypoint": {
    "PCK@0.05": {
      "mean": 0.07754053074902635,
      "std": 0.2674471851416381
    },
    "PCK@0.10": {
      "mean": 0.16574585635359115,
      "std": 0.37185234630859315
    },
    "PCK@0.15": {
      "mean": 0.23910877637895117,
      "std": 0.42653929413069536
    },
    "PCK@0.20": {
      "mean": 0.30467122543247893,
      "std": 0.4602680412824147
    }
  },
  "per_category_keypoint": {
    "aeroplane": {
      "PCK@0.05": 0.10178117048346055,
      "PCK@0.10": 0.1926572155579789,
      "PCK@0.15": 0.2768084332969829,
      "PCK@0.20": 0.35986913849509267
    },
    "bicycle": {
      "PCK@0.05": 0.050957061562338334,
      "PCK@0.10": 0.13088463528194516,
      "PCK@0.15": 0.19632695292291774,
      "PCK@0.20": 0.25581996896016557
    },
    "bird": {
      "PCK@0.05": 0.10119595216191353,
      "PCK@0.10": 0.21481140754369826,
      "PCK@0.15": 0.29645814167433304,
      "PCK@0.20": 0.36177552897884085
    },
    "boat": {
      "PCK@0.05": 0.05286473715298287,
      "PCK@0.10": 0.12876550502067335,
      "PCK@0.15": 0.19314825753101003,
      "PCK@0.20": 0.26727702303603074
    },
    "bottle": {
      "PCK@0.05": 0.1146060417315478,
      "PCK@0.10": 0.19651199003425723,
      "PCK@0.15": 0.2651821862348178,
      "PCK@0.20": 0.33136094674556216
    },
    "bus": {
      "PCK@0.05": 0.07838320678874497,
      "PCK@0.10": 0.14359088878963824,
      "PCK@0.15": 0.20120589548905762,
      "PCK@0.20": 0.2541313086199196
    },
    "car": {
      "PCK@0.05": 0.10077951002227171,
      "PCK@0.10": 0.18207126948775057,
      "PCK@0.15": 0.2391425389755011,
      "PCK@0.20": 0.294543429844098
    },
    "cat": {
      "PCK@0.05": 0.13165537270087124,
      "PCK@0.10": 0.2647628267182962,
      "PCK@0.15": 0.35995482413681834,
      "PCK@0.20": 0.42949338496289124
    },
    "chair": {
      "PCK@0.05": 0.029025191675794086,
      "PCK@0.10": 0.07064622124863089,
      "PCK@0.15": 0.1196604600219058,
      "PCK@0.20": 0.1593647316538883
    },
    "cow": {
      "PCK@0.05": 0.08883911907428145,
      "PCK@0.10": 0.18215752146323255,
      "PCK@0.15": 0.2541993281075028,
      "PCK@0.20": 0.3195222097797686
    },
    "dog": {
      "PCK@0.05": 0.04123281965847563,
      "PCK@0.10": 0.11432736359850063,
      "PCK@0.15": 0.1836734693877551,
      "PCK@0.20": 0.24593919200333195
    },
    "horse": {
      "PCK@0.05": 0.03592687074829932,
      "PCK@0.10": 0.09204931972789115,
      "PCK@0.15": 0.1558248299319728,
      "PCK@0.20": 0.21237244897959184
    },
    "motorbike": {
      "PCK@0.05": 0.06084656084656084,
      "PCK@0.10": 0.13903586125808348,
      "PCK@0.15": 0.20634920634920634,
      "PCK@0.20": 0.25896531452087007
    },
    "person": {
      "PCK@0.05": 0.06797020484171322,
      "PCK@0.10": 0.1659683426443203,
      "PCK@0.15": 0.2562849162011173,
      "PCK@0.20": 0.3195996275605214
    },
    "pottedplant": {
      "PCK@0.05": 0.06775907883082374,
      "PCK@0.10": 0.16341895482728078,
      "PCK@0.15": 0.2305137289636847,
      "PCK@0.20": 0.2814437555358725
    },
    "sheep": {
      "PCK@0.05": 0.031842105263157894,
      "PCK@0.10": 0.08657894736842105,
      "PCK@0.15": 0.13789473684210526,
      "PCK@0.20": 0.19289473684210526
    },
    "train": {
      "PCK@0.05": 0.09526558891454966,
      "PCK@0.10": 0.20808314087759816,
      "PCK@0.15": 0.30034642032332565,
      "PCK@0.20": 0.38545034642032333
    },
    "tvmonitor": {
      "PCK@0.05": 0.06915328069697795,
      "PCK@0.10": 0.16784644704601143,
      "PCK@0.15": 0.24748162265178328,
      "PCK@0.20": 0.32779744078410017
    }
  },
  "overall_image": {
    "PCK@0.05": {
      "mean": 0.0652539590789282,
      "std": 0.11710012372785887
    },
    "PCK@0.10": {
      "mean": 0.14353020029020394,
      "std": 0.1798296724925387
    },
    "PCK@0.15": {
      "mean": 0.2112727742319391,
      "std": 0.21523960476201254
    },
    "PCK@0.20": {
      "mean": 0.2730986415473259,
      "std": 0.23963402703918973
    }
  },
  "per_category_image": {
    "aeroplane": {
      "PCK@0.05": 0.09158496546248594,
      "PCK@0.10": 0.1725560371912476,
      "PCK@0.15": 0.25086366668127585,
      "PCK@0.20": 0.3290564258353434
    },
    "bicycle": {
      "PCK@0.05": 0.04430586163814251,
      "PCK@0.10": 0.11721112417486998,
      "PCK@0.15": 0.18157897941195048,
      "PCK@0.20": 0.23892058326647833
    },
    "bird": {
      "PCK@0.05": 0.097120533174599,
      "PCK@0.10": 0.1998095873775136,
      "PCK@0.15": 0.2808831920077828,
      "PCK@0.20": 0.345728702864416
    },
    "boat": {
      "PCK@0.05": 0.041200312464750054,
      "PCK@0.10": 0.10445552501838092,
      "PCK@0.15": 0.15907724143305735,
      "PCK@0.20": 0.22303339916459175
    },
    "bottle": {
      "PCK@0.05": 0.10479246646850959,
      "PCK@0.10": 0.1837812464983984,
      "PCK@0.15": 0.25192939514915147,
      "PCK@0.20": 0.3183233016352544
    },
    "bus": {
      "PCK@0.05": 0.05952495964163024,
      "PCK@0.10": 0.11360488148255748,
      "PCK@0.15": 0.16318278211336698,
      "PCK@0.20": 0.2145262478578905
    },
    "car": {
      "PCK@0.05": 0.06468795555650342,
      "PCK@0.10": 0.1239267674717286,
      "PCK@0.15": 0.17034143243804045,
      "PCK@0.20": 0.2241942953873188
    },
    "cat": {
      "PCK@0.05": 0.1299570271993677,
      "PCK@0.10": 0.262800371175011,
      "PCK@0.15": 0.35921652601410947,
      "PCK@0.20": 0.4289113962029417
    },
    "chair": {
      "PCK@0.05": 0.023331725479740845,
      "PCK@0.10": 0.059739367269417816,
      "PCK@0.15": 0.10481384116291262,
      "PCK@0.20": 0.14078517611089506
    },
    "cow": {
      "PCK@0.05": 0.07422742212656885,
      "PCK@0.10": 0.15715614478103818,
      "PCK@0.15": 0.22044234536588192,
      "PCK@0.20": 0.2814027232001536
    },
    "dog": {
      "PCK@0.05": 0.03865009140223265,
      "PCK@0.10": 0.10583986132095258,
      "PCK@0.15": 0.17224965156366429,
      "PCK@0.20": 0.2343011195336779
    },
    "horse": {
      "PCK@0.05": 0.03281003780663014,
      "PCK@0.10": 0.08635447098563115,
      "PCK@0.15": 0.14745500131199757,
      "PCK@0.20": 0.20244559505333504
    },
    "motorbike": {
      "PCK@0.05": 0.060382468440169285,
      "PCK@0.10": 0.1404660180147387,
      "PCK@0.15": 0.20793425021135908,
      "PCK@0.20": 0.26106871933042153
    },
    "person": {
      "PCK@0.05": 0.058270414551863305,
      "PCK@0.10": 0.14812561217408915,
      "PCK@0.15": 0.23597059316360033,
      "PCK@0.20": 0.3044335758227568
    },
    "pottedplant": {
      "PCK@0.05": 0.0576667411991864,
      "PCK@0.10": 0.14672964505349953,
      "PCK@0.15": 0.21427374754939443,
      "PCK@0.20": 0.2657984414433935
    },
    "sheep": {
      "PCK@0.05": 0.024754005860178226,
      "PCK@0.10": 0.0723846888685801,
      "PCK@0.15": 0.11973080316738012,
      "PCK@0.20": 0.1705625327921147
    },
    "train": {
      "PCK@0.05": 0.08743364932557578,
      "PCK@0.10": 0.1934707186741646,
      "PCK@0.15": 0.2840283284426997,
      "PCK@0.20": 0.3669816672939945
    },
    "tvmonitor": {
      "PCK@0.05": 0.06834986714398586,
      "PCK@0.10": 0.1680521831842344,
      "PCK@0.15": 0.24561973516910063,
      "PCK@0.20": 0.3273510062970178
    }
  }
}