{
  "name": "SAM-ViT-B",
  "num_pairs": 12234,
  "inference_time_ms": 239.7520699999156,
  "overall_keypoint": {
    "PCK@0.05": {
      "mean": 0.25290960963680825,
      "std": 0.43467958197983664
    },
    "PCK@0.10": {
      "mean": 0.41114935241373063,
      "std": 0.4920422364223426
    },
    "PCK@0.15": {
      "mean": 0.5057173263291369,
      "std": 0.4999673111110827
    },
    "PCK@0.20": {
      "mean": 0.5750384928901368,
      "std": 0.4943371567915737
    }
  },
  "per_category_keypoint": {
    "aeroplane": {
      "PCK@0.05": 0.2651762995274446,
      "PCK@0.10": 0.36768447837150126,
      "PCK@0.15": 0.44601962922573607,
      "PCK@0.20": 0.5070883315158125
    },
    "bicycle": {
      "PCK@0.05": 0.17227108122090015,
      "PCK@0.10": 0.28039317123642005,
      "PCK@0.15": 0.35333678220382825,
      "PCK@0.20": 0.4231764097258148
    },
    "bird": {
      "PCK@0.05": 0.36430542778288866,
      "PCK@0.10": 0.5929162833486661,
      "PCK@0.15": 0.7148114075436982,
      "PCK@0.20": 0.7798988040478381
    },
    "boat": {
      "PCK@0.05": 0.18044890726520968,
      "PCK@0.10": 0.29356172474896636,
      "PCK@0.15": 0.37714116952155935,
      "PCK@0.20": 0.43473124630832843
    },
    "bottle": {
      "PCK@0.05": 0.2262535035814388,
      "PCK@0.10": 0.36063531610090316,
      "PCK@0.15": 0.4436312675179072,
      "PCK@0.20": 0.5119900342572408
    },
    "bus": {
      "PCK@0.05": 0.26485037963376507,
      "PCK@0.10": 0.3861098704778919,
      "PCK@0.15": 0.44104510942384995,
      "PCK@0.20": 0.47833854399285397
    },
    "car": {
      "PCK@0.05": 0.24192650334075724,
      "PCK@0.10": 0.3516146993318486,
      "PCK@0.15": 0.4134187082405345,
      "PCK@0.20": 0.4621380846325167
    },
    "cat": {
      "PCK@0.05": 0.3851242336237496,
      "PCK@0.10": 0.5687318489835431,
      "PCK@0.15": 0.6661826395611488,
      "PCK@0.20": 0.712810584059374
    },
    "chair": {
      "PCK@0.05": 0.19934282584884994,
      "PCK@0.10": 0.2686199342825849,
      "PCK@0.15": 0.3129791894852136,
      "PCK@0.20": 0.36308871851040525
    },
    "cow": {
      "PCK@0.05": 0.272863008585293,
      "PCK@0.10": 0.4380365808137365,
      "PCK@0.15": 0.5360209033221351,
      "PCK@0.20": 0.6114221724524076
    },
    "dog": {
      "PCK@0.05": 0.21657642648896294,
      "PCK@0.10": 0.3631820074968763,
      "PCK@0.15": 0.46647230320699706,
      "PCK@0.20": 0.5485214493960849
    },
    "horse": {
      "PCK@0.05": 0.20493197278911565,
      "PCK@0.10": 0.3788265306122449,
      "PCK@0.15": 0.4887329931972789,
      "PCK@0.20": 0.5578231292517006
    },
    "motorbike": {
      "PCK@0.05": 0.1969429747207525,
      "PCK@0.10": 0.3239271017048795,
      "PCK@0.15": 0.40652557319223986,
      "PCK@0.20": 0.4676660787771899
    },
    "person": {
      "PCK@0.05": 0.2409217877094972,
      "PCK@0.10": 0.46345437616387336,
      "PCK@0.15": 0.5668063314711359,
      "PCK@0.20": 0.6662011173184358
    },
    "pottedplant": {
      "PCK@0.05": 0.18401240035429584,
      "PCK@0.10": 0.3558458813108946,
      "PCK@0.15": 0.46479185119574845,
      "PCK@0.20": 0.5369796279893712
    },
    "sheep": {
      "PCK@0.05": 0.13131578947368422,
      "PCK@0.10": 0.26710526315789473,
      "PCK@0.15": 0.3663157894736842,
      "PCK@0.20": 0.4655263157894737
    },
    "train": {
      "PCK@0.05": 0.3434180138568129,
      "PCK@0.10": 0.5515011547344111,
      "PCK@0.15": 0.6669745958429562,
      "PCK@0.20": 0.7435334872979215
    },
    "tvmonitor": {
      "PCK@0.05": 0.2615028586986115,
      "PCK@0.10": 0.47086849986387147,
      "PCK@0.15": 0.5971957527906343,
      "PCK@0.20": 0.6873128233052002
    }
  },
  "overall_image": {
    "PCK@0.05": {
      "mean": 0.22748692112568158,
      "std": 0.21518252952697692
    },
    "PCK@0.10": {
      "mean": 0.3725760837763217,
      "std": 0.2680941135511291
    },
    "PCK@0.15": {
      "mean": 0.46222270448786995,
      "std": 0.288707392540709
    },
    "PCK@0.20": {
      "mean": 0.5300839967165158,
      "std": 0.2965126582398719
    }
  },
  "per_category_image": {
    "aeroplane": {
      "PCK@0.05": 0.2576456276294978,
      "PCK@0.10": 0.35475510526718435,
      "PCK@0.15": 0.429606943194201,
      "PCK@0.20": 0.4873917105567196
    },
    "bicycle": {
      "PCK@0.05": 0.16334099516272546,
      "PCK@0.10": 0.26778205562096374,
      "PCK@0.15": 0.33439577605861887,
      "PCK@0.20": 0.40655106580028166
    },
    "bird": {
      "PCK@0.05": 0.35768609942916113,
      "PCK@0.10": 0.5854492841919943,
      "PCK@0.15": 0.7113680108490154,
      "PCK@0.20": 0.7787890107798101
    },
    "boat": {
      "PCK@0.05": 0.1789462098750973,
      "PCK@0.10": 0.279963711717105,
      "PCK@0.15": 0.3599788618096259,
      "PCK@0.20": 0.41208961145405754
    },
    "bottle": {
      "PCK@0.05": 0.2114682565132777,
      "PCK@0.10": 0.3449835818218089,
      "PCK@0.15": 0.42990877707970554,
      "PCK@0.20": 0.4987534223188614
    },
    "bus": {
      "PCK@0.05": 0.2412121600083868,
      "PCK@0.10": 0.35033094646952906,
      "PCK@0.15": 0.40421131033427227,
      "PCK@0.20": 0.4383168941051323
    },
    "car": {
      "PCK@0.05": 0.1959536263177581,
      "PCK@0.10": 0.2886836957450665,
      "PCK@0.15": 0.34982704225901173,
      "PCK@0.20": 0.3951543292677994
    },
    "cat": {
      "PCK@0.05": 0.3922270105903347,
      "PCK@0.10": 0.5763484127943714,
      "PCK@0.15": 0.674443316894273,
      "PCK@0.20": 0.7207435111949841
    },
    "chair": {
      "PCK@0.05": 0.1785834938310802,
      "PCK@0.10": 0.23797495478631542,
      "PCK@0.15": 0.27844332766376045,
      "PCK@0.20": 0.3257868989217946
    },
    "cow": {
      "PCK@0.05": 0.2513689504819922,
      "PCK@0.10": 0.4166900369804353,
      "PCK@0.15": 0.5112436148920096,
      "PCK@0.20": 0.580586015782319
    },
    "dog": {
      "PCK@0.05": 0.19549190079172452,
      "PCK@0.10": 0.33742980695019165,
      "PCK@0.15": 0.4398075090845426,
      "PCK@0.20": 0.5226767325028777
    },
    "horse": {
      "PCK@0.05": 0.1959579113125801,
      "PCK@0.10": 0.3662232228865226,
      "PCK@0.15": 0.4725058903545141,
      "PCK@0.20": 0.5417743902032573
    },
    "motorbike": {
      "PCK@0.05": 0.1859132671500543,
      "PCK@0.10": 0.3101207485204918,
      "PCK@0.15": 0.39237835780422914,
      "PCK@0.20": 0.45404796421188237
    },
    "person": {
      "PCK@0.05": 0.22073739527509761,
      "PCK@0.10": 0.4363588354679254,
      "PCK@0.15": 0.5456886126788763,
      "PCK@0.20": 0.6543381763994693
    },
    "pottedplant": {
      "PCK@0.05": 0.169919071697442,
      "PCK@0.10": 0.3208259707554449,
      "PCK@0.15": 0.4223824286543853,
      "PCK@0.20": 0.4953485834487906
    },
    "sheep": {
      "PCK@0.05": 0.11300637052360787,
      "PCK@0.10": 0.22494145715048156,
      "PCK@0.15": 0.30905953123716706,
      "PCK@0.20": 0.40296497531459635
    },
    "train": {
      "PCK@0.05": 0.337411505431331,
      "PCK@0.10": 0.543142371470966,
      "PCK@0.15": 0.6576107675160365,
      "PCK@0.20": 0.7348806431329755
    },
    "tvmonitor": {
      "PCK@0.05": 0.2536834901726315,
      "PCK@0.10": 0.457932097062124,
      "PCK@0.15": 0.5803343702344536,
      "PCK@0.20": 0.6677646092596771
    }
  }
}