{
  "name": "SAM-ViT-B",
  "num_pairs": 12234,
  "inference_time_ms": 237.33369339831773,
  "overall_keypoint": {
    "PCK@0.05": {
      "mean": 0.07792545965039399,
      "std": 0.2680542526964808
    },
    "PCK@0.10": {
      "mean": 0.16455710533466172,
      "std": 0.37078034524302766
    },
    "PCK@0.15": {
      "mean": 0.23799927542795038,
      "std": 0.42585868586154374
    },
    "PCK@0.20": {
      "mean": 0.3030635811973553,
      "std": 0.4595824702370504
    }
  },
  "per_category_keypoint": {
    "aeroplane": {
      "PCK@0.05": 0.10232642675390767,
      "PCK@0.10": 0.18993093420574336,
      "PCK@0.15": 0.27608142493638677,
      "PCK@0.20": 0.3580516175936023
    },
    "bicycle": {
      "PCK@0.05": 0.05069839627521987,
      "PCK@0.10": 0.1295913088463528,
      "PCK@0.15": 0.19477496120020693,
      "PCK@0.20": 0.25426797723745476
    },
    "bird": {
      "PCK@0.05": 0.10441582336706531,
      "PCK@0.10": 0.21435142594296228,
      "PCK@0.15": 0.29484820607175716,
      "PCK@0.20": 0.3608555657773689
    },
    "boat": {
      "PCK@0.05": 0.052569403425871235,
      "PCK@0.10": 0.12876550502067335,
      "PCK@0.15": 0.19226225634967514,
      "PCK@0.20": 0.26343768458357947
    },
    "bottle": {
      "PCK@0.05": 0.11772033634381812,
      "PCK@0.10": 0.194020554344441,
      "PCK@0.15": 0.2642478978511367,
      "PCK@0.20": 0.3302709436312675
    },
    "bus": {
      "PCK@0.05": 0.0770433229120143,
      "PCK@0.10": 0.14269763287181778,
      "PCK@0.15": 0.20008932559178205,
      "PCK@0.20": 0.25122822688700314
    },
    "car": {
      "PCK@0.05": 0.10050111358574611,
      "PCK@0.10": 0.1806792873051225,
      "PCK@0.15": 0.2388641425389755,
      "PCK@0.20": 0.29287305122494434
    },
    "cat": {
      "PCK@0.05": 0.13181671506937723,
      "PCK@0.10": 0.26298806066473057,
      "PCK@0.15": 0.3589867699257825,
      "PCK@0.20": 0.4282026460148435
    },
    "chair": {
      "PCK@0.05": 0.028751369112814895,
      "PCK@0.10": 0.07064622124863089,
      "PCK@0.15": 0.1171960569550931,
      "PCK@0.20": 0.1588170865279299
    },
    "cow": {
      "PCK@0.05": 0.08958566629339305,
      "PCK@0.10": 0.18103770063456515,
      "PCK@0.15": 0.25214632325494585,
      "PCK@0.20": 0.31821575214632325
    },
    "dog": {
      "PCK@0.05": 0.04227405247813411,
      "PCK@0.10": 0.11411911703456892,
      "PCK@0.15": 0.1834652228238234,
      "PCK@0.20": 0.2444814660558101
    },
    "horse": {
      "PCK@0.05": 0.036989795918367346,
      "PCK@0.10": 0.09077380952380952,
      "PCK@0.15": 0.15518707482993196,
      "PCK@0.20": 0.2100340136054422
    },
    "motorbike": {
      "PCK@0.05": 0.059670781893004114,
      "PCK@0.10": 0.13786008230452676,
      "PCK@0.15": 0.20605526161081716,
      "PCK@0.20": 0.2583774250440917
    },
    "person": {
      "PCK@0.05": 0.06843575418994413,
      "PCK@0.10": 0.1659683426443203,
      "PCK@0.15": 0.25465549348230915,
      "PCK@0.20": 0.31890130353817503
    },
    "pottedplant": {
      "PCK@0.05": 0.06842338352524358,
      "PCK@0.10": 0.1616474756421612,
      "PCK@0.15": 0.2305137289636847,
      "PCK@0.20": 0.27900797165633306
    },
    "sheep": {
      "PCK@0.05": 0.032105263157894734,
      "PCK@0.10": 0.08657894736842105,
      "PCK@0.15": 0.13657894736842105,
      "PCK@0.20": 0.19078947368421054
    },
    "train": {
      "PCK@0.05": 0.09353348729792148,
      "PCK@0.10": 0.20623556581986144,
      "PCK@0.15": 0.298729792147806,
      "PCK@0.20": 0.38475750577367207
    },
    "tvmonitor": {
      "PCK@0.05": 0.06983392322352301,
      "PCK@0.10": 0.16702967601415736,
      "PCK@0.15": 0.24625646610400218,
      "PCK@0.20": 0.32534712768853796
    }
  },
  "overall_image": {
    "PCK@0.05": {
      "mean": 0.06562229505885811,
      "std": 0.11782179010585202
    },
    "PCK@0.10": {
      "mean": 0.14246420192844206,
      "std": 0.1796510665598417
    },
    "PCK@0.15": {
      "mean": 0.21028362391664251,
      "std": 0.21488787875358029
    },
    "PCK@0.20": {
      "mean": 0.2714760430179718,
      "std": 0.2392277012875507
    }
  },
  "per_category_image": {
    "aeroplane": {
      "PCK@0.05": 0.09177645993945391,
      "PCK@0.10": 0.16961376213509102,
      "PCK@0.15": 0.25063901202402256,
      "PCK@0.20": 0.3272276259634806
    },
    "bicycle": {
      "PCK@0.05": 0.044128816437262755,
      "PCK@0.10": 0.11723920720127913,
      "PCK@0.15": 0.18014913147458664,
      "PCK@0.20": 0.23636008816269727
    },
    "bird": {
      "PCK@0.05": 0.09953716532075167,
      "PCK@0.10": 0.20217404397804173,
      "PCK@0.15": 0.27962765745033225,
      "PCK@0.20": 0.34393728439539584
    },
    "boat": {
      "PCK@0.05": 0.04157622256170311,
      "PCK@0.10": 0.10463019602658742,
      "PCK@0.15": 0.15785284851945702,
      "PCK@0.20": 0.2183251958393473
    },
    "bottle": {
      "PCK@0.05": 0.10764413589889976,
      "PCK@0.10": 0.1813455595538534,
      "PCK@0.15": 0.25093003367555555,
      "PCK@0.20": 0.3169763758093461
    },
    "bus": {
      "PCK@0.05": 0.05808554327705447,
      "PCK@0.10": 0.11221537637229291,
      "PCK@0.15": 0.16246851340445304,
      "PCK@0.20": 0.21225655619170725
    },
    "car": {
      "PCK@0.05": 0.06438371640834825,
      "PCK@0.10": 0.12131947531292202,
      "PCK@0.15": 0.17023448660599846,
      "PCK@0.20": 0.22259995791770465
    },
    "cat": {
      "PCK@0.05": 0.1301114514718453,
      "PCK@0.10": 0.2611609873175621,
      "PCK@0.15": 0.3582320983459552,
      "PCK@0.20": 0.42762688441822927
    },
    "chair": {
      "PCK@0.05": 0.0227518443698669,
      "PCK@0.10": 0.05977493968587542,
      "PCK@0.15": 0.10261471586838226,
      "PCK@0.20": 0.14027778023490595
    },
    "cow": {
      "PCK@0.05": 0.07475405039149337,
      "PCK@0.10": 0.1565552461077459,
      "PCK@0.15": 0.2192743698367849,
      "PCK@0.20": 0.28082515626447274
    },
    "dog": {
      "PCK@0.05": 0.039568080827593805,
      "PCK@0.10": 0.10579398589829604,
      "PCK@0.15": 0.1720565900206566,
      "PCK@0.20": 0.23298095350464185
    },
    "horse": {
      "PCK@0.05": 0.033615713603794575,
      "PCK@0.10": 0.08509984131902457,
      "PCK@0.15": 0.14713698137551545,
      "PCK@0.20": 0.20024183109402657
    },
    "motorbike": {
      "PCK@0.05": 0.05886469608400961,
      "PCK@0.10": 0.1376678902135785,
      "PCK@0.15": 0.20769683327897323,
      "PCK@0.20": 0.2610805901643048
    },
    "person": {
      "PCK@0.05": 0.05892770179189168,
      "PCK@0.10": 0.14786748129587907,
      "PCK@0.15": 0.23385713391579113,
      "PCK@0.20": 0.3040398029639171
    },
    "pottedplant": {
      "PCK@0.05": 0.05956109912240588,
      "PCK@0.10": 0.14551937362295844,
      "PCK@0.15": 0.21366193667572778,
      "PCK@0.20": 0.2635155445323466
    },
    "sheep": {
      "PCK@0.05": 0.024719251471246224,
      "PCK@0.10": 0.07193478316921427,
      "PCK@0.15": 0.11891504020306719,
      "PCK@0.20": 0.16905346632295523
    },
    "train": {
      "PCK@0.05": 0.08580907966409411,
      "PCK@0.10": 0.19134231543454228,
      "PCK@0.15": 0.282506935081627,
      "PCK@0.20": 0.3663032269351697
    },
    "tvmonitor": {
      "PCK@0.05": 0.06880317708057475,
      "PCK@0.10": 0.16643526082094004,
      "PCK@0.15": 0.2440863376364887,
      "PCK@0.20": 0.3251597547225353
    }
  }
}