{
  "name": "SAM-ViT-B",
  "num_pairs": 12234,
  "inference_time_ms": 237.7049455616196,
  "overall_keypoint": {
    "PCK@0.05": {
      "mean": 0.24928674938864234,
      "std": 0.4326001224778913
    },
    "PCK@0.10": {
      "mean": 0.40351870301603115,
      "std": 0.4906030567906107
    },
    "PCK@0.15": {
      "mean": 0.4992414636355403,
      "std": 0.49999942462225283
    },
    "PCK@0.20": {
      "mean": 0.569955167104429,
      "std": 0.49508208874427223
    }
  },
  "per_category_keypoint": {
    "aeroplane": {
      "PCK@0.05": 0.2582697201017812,
      "PCK@0.10": 0.36259541984732824,
      "PCK@0.15": 0.4420210832424573,
      "PCK@0.20": 0.5027262813522355
    },
    "bicycle": {
      "PCK@0.05": 0.16502845318158302,
      "PCK@0.10": 0.26797723745473356,
      "PCK@0.15": 0.34661148473874803,
      "PCK@0.20": 0.4198137609932747
    },
    "bird": {
      "PCK@0.05": 0.34981600735970564,
      "PCK@0.10": 0.5816467341306347,
      "PCK@0.15": 0.7076816927322908,
      "PCK@0.20": 0.7743790248390064
    },
    "boat": {
      "PCK@0.05": 0.17601890135853515,
      "PCK@0.10": 0.28795038393384526,
      "PCK@0.15": 0.3685764914353219,
      "PCK@0.20": 0.43325457767277026
    },
    "bottle": {
      "PCK@0.05": 0.2340392401121146,
      "PCK@0.10": 0.3578324509498599,
      "PCK@0.15": 0.4389598255995017,
      "PCK@0.20": 0.5109000311429461
    },
    "bus": {
      "PCK@0.05": 0.2621706118803037,
      "PCK@0.10": 0.3814202769093345,
      "PCK@0.15": 0.4385886556498437,
      "PCK@0.20": 0.47655203215721303
    },
    "car": {
      "PCK@0.05": 0.23719376391982183,
      "PCK@0.10": 0.3457683741648107,
      "PCK@0.15": 0.4086859688195991,
      "PCK@0.20": 0.45907572383073497
    },
    "cat": {
      "PCK@0.05": 0.3889964504678929,
      "PCK@0.10": 0.5603420458212327,
      "PCK@0.15": 0.6619877379799936,
      "PCK@0.20": 0.7102291061632785
    },
    "chair": {
      "PCK@0.05": 0.19167579408543264,
      "PCK@0.10": 0.2672508214676889,
      "PCK@0.15": 0.30503833515881706,
      "PCK@0.20": 0.3567907995618839
    },
    "cow": {
      "PCK@0.05": 0.2616648002986189,
      "PCK@0.10": 0.4247853676745054,
      "PCK@0.15": 0.5251959686450168,
      "PCK@0.20": 0.6007838745800672
    },
    "dog": {
      "PCK@0.05": 0.2136609745939192,
      "PCK@0.10": 0.3506872136609746,
      "PCK@0.15": 0.4600166597251145,
      "PCK@0.20": 0.543731778425656
    },
    "horse": {
      "PCK@0.05": 0.19791666666666666,
      "PCK@0.10": 0.36288265306122447,
      "PCK@0.15": 0.47852891156462585,
      "PCK@0.20": 0.5533588435374149
    },
    "motorbike": {
      "PCK@0.05": 0.19047619047619047,
      "PCK@0.10": 0.31040564373897706,
      "PCK@0.15": 0.4021164021164021,
      "PCK@0.20": 0.466196355085244
    },
    "person": {
      "PCK@0.05": 0.23952513966480446,
      "PCK@0.10": 0.45600558659217877,
      "PCK@0.15": 0.556098696461825,
      "PCK@0.20": 0.6573556797020484
    },
    "pottedplant": {
      "PCK@0.05": 0.1928697962798937,
      "PCK@0.10": 0.3593888396811337,
      "PCK@0.15": 0.46191319751992915,
      "PCK@0.20": 0.5352081488042516
    },
    "sheep": {
      "PCK@0.05": 0.13710526315789473,
      "PCK@0.10": 0.26210526315789473,
      "PCK@0.15": 0.3539473684210526,
      "PCK@0.20": 0.44184210526315787
    },
    "train": {
      "PCK@0.05": 0.3317551963048499,
      "PCK@0.10": 0.5414549653579677,
      "PCK@0.15": 0.660161662817552,
      "PCK@0.20": 0.7372979214780601
    },
    "tvmonitor": {
      "PCK@0.05": 0.25891641709774027,
      "PCK@0.10": 0.46555948815682,
      "PCK@0.15": 0.592567383610128,
      "PCK@0.20": 0.6843179961884018
    }
  },
  "overall_image": {
    "PCK@0.05": {
      "mean": 0.2241493183400836,
      "std": 0.21435908943507748
    },
    "PCK@0.10": {
      "mean": 0.3655360228454675,
      "std": 0.26630816123920104
    },
    "PCK@0.15": {
      "mean": 0.45576388665025963,
      "std": 0.28830614556376144
    },
    "PCK@0.20": {
      "mean": 0.5252925963868025,
      "std": 0.2960540254448319
    }
  },
  "per_category_image": {
    "aeroplane": {
      "PCK@0.05": 0.2512275324297556,
      "PCK@0.10": 0.3500519875275052,
      "PCK@0.15": 0.42595727302781916,
      "PCK@0.20": 0.48382883410414923
    },
    "bicycle": {
      "PCK@0.05": 0.15625363800388117,
      "PCK@0.10": 0.2569467240571976,
      "PCK@0.15": 0.3288400539641197,
      "PCK@0.20": 0.40174825727939606
    },
    "bird": {
      "PCK@0.05": 0.34077091547965666,
      "PCK@0.10": 0.5746455817268445,
      "PCK@0.15": 0.7028328059957578,
      "PCK@0.20": 0.7725889353755533
    },
    "boat": {
      "PCK@0.05": 0.17297687063105086,
      "PCK@0.10": 0.27393332235196716,
      "PCK@0.15": 0.3493798928085895,
      "PCK@0.20": 0.411252999513747
    },
    "bottle": {
      "PCK@0.05": 0.2186398495202777,
      "PCK@0.10": 0.34183315313581764,
      "PCK@0.15": 0.42606458818090376,
      "PCK@0.20": 0.4971925757482819
    },
    "bus": {
      "PCK@0.05": 0.2377579413724612,
      "PCK@0.10": 0.346388555021945,
      "PCK@0.15": 0.40209495500655645,
      "PCK@0.20": 0.43683860189518575
    },
    "car": {
      "PCK@0.05": 0.1924176575972679,
      "PCK@0.10": 0.2825785961847567,
      "PCK@0.15": 0.34608005538107234,
      "PCK@0.20": 0.39255931289166424
    },
    "cat": {
      "PCK@0.05": 0.396223139539361,
      "PCK@0.10": 0.568150027555724,
      "PCK@0.15": 0.6700014578675231,
      "PCK@0.20": 0.7179576168209314
    },
    "chair": {
      "PCK@0.05": 0.17129125473761336,
      "PCK@0.10": 0.23724574759464145,
      "PCK@0.15": 0.27150804140019713,
      "PCK@0.20": 0.32038910165659784
    },
    "cow": {
      "PCK@0.05": 0.2415495632798411,
      "PCK@0.10": 0.40541798368794846,
      "PCK@0.15": 0.5002583698835223,
      "PCK@0.20": 0.5687262711813673
    },
    "dog": {
      "PCK@0.05": 0.1930063907802105,
      "PCK@0.10": 0.32552312115828197,
      "PCK@0.15": 0.4333001553763946,
      "PCK@0.20": 0.5179870379343628
    },
    "horse": {
      "PCK@0.05": 0.18906940170874198,
      "PCK@0.10": 0.3499168255304297,
      "PCK@0.15": 0.4628821944197019,
      "PCK@0.20": 0.5376626594985525
    },
    "motorbike": {
      "PCK@0.05": 0.17947813833498547,
      "PCK@0.10": 0.2979910056666601,
      "PCK@0.15": 0.38860851659988743,
      "PCK@0.20": 0.45232669164312533
    },
    "person": {
      "PCK@0.05": 0.2210429060917634,
      "PCK@0.10": 0.4298447212920739,
      "PCK@0.15": 0.5326586427711524,
      "PCK@0.20": 0.6446011739396132
    },
    "pottedplant": {
      "PCK@0.05": 0.17837624038351385,
      "PCK@0.10": 0.32389975638234697,
      "PCK@0.15": 0.41997569651621675,
      "PCK@0.20": 0.49478787194133633
    },
    "sheep": {
      "PCK@0.05": 0.11836099337382489,
      "PCK@0.10": 0.22063978073602342,
      "PCK@0.15": 0.30048739736204044,
      "PCK@0.20": 0.38466096308127223
    },
    "train": {
      "PCK@0.05": 0.32588196151628696,
      "PCK@0.10": 0.5326021179635688,
      "PCK@0.15": 0.6499254814886227,
      "PCK@0.20": 0.7285430123684583
    },
    "tvmonitor": {
      "PCK@0.05": 0.2517457461964361,
      "PCK@0.10": 0.4509336162207788,
      "PCK@0.15": 0.5744270932123151,
      "PCK@0.20": 0.6658440250365031
    }
  }
}